claim_id,split,claim_status,variation,file_path
2,train,Invalid,1,output\tm_dataset\train\Invalid_Claim\2_v1.jpg
2,train,Invalid,2,output\tm_dataset\train\Invalid_Claim\2_v2.jpg
3,train,Valid,1,output\tm_dataset\train\Valid_Claim\3_v1.jpg
3,train,Valid,2,output\tm_dataset\train\Valid_Claim\3_v2.jpg
4,train,Valid,1,output\tm_dataset\train\Valid_Claim\4_v1.jpg
4,train,Valid,2,output\tm_dataset\train\Valid_Claim\4_v2.jpg
5,train,Manual Review,1,output\tm_dataset\train\Manual_Review\5_v1.jpg
5,train,Manual Review,2,output\tm_dataset\train\Manual_Review\5_v2.jpg
6,train,Manual Review,1,output\tm_dataset\train\Manual_Review\6_v1.jpg
6,train,Manual Review,2,output\tm_dataset\train\Manual_Review\6_v2.jpg
8,train,Valid,1,output\tm_dataset\train\Valid_Claim\8_v1.jpg
8,train,Valid,2,output\tm_dataset\train\Valid_Claim\8_v2.jpg
9,train,Invalid,1,output\tm_dataset\train\Invalid_Claim\9_v1.jpg
9,train,Invalid,2,output\tm_dataset\train\Invalid_Claim\9_v2.jpg
10,train,Manual Review,1,output\tm_dataset\train\Manual_Review\10_v1.jpg
10,train,Manual Review,2,output\tm_dataset\train\Manual_Review\10_v2.jpg
13,train,Manual Review,1,output\tm_dataset\train\Manual_Review\13_v1.jpg
13,train,Manual Review,2,output\tm_dataset\train\Manual_Review\13_v2.jpg
14,train,Invalid,1,output\tm_dataset\train\Invalid_Claim\14_v1.jpg
14,train,Invalid,2,output\tm_dataset\train\Invalid_Claim\14_v2.jpg
15,train,Valid,1,output\tm_dataset\train\Valid_Claim\15_v1.jpg
15,train,Valid,2,output\tm_dataset\train\Valid_Claim\15_v2.jpg
17,train,Valid,1,output\tm_dataset\train\Valid_Claim\17_v1.jpg
17,train,Valid,2,output\tm_dataset\train\Valid_Claim\17_v2.jpg
18,train,Invalid,1,output\tm_dataset\train\Invalid_Claim\18_v1.jpg
18,train,Invalid,2,output\tm_dataset\train\Invalid_Claim\18_v2.jpg
19,train,Invalid,1,output\tm_dataset\train\Invalid_Claim\19_v1.jpg
19,train,Invalid,2,output\tm_dataset\train\Invalid_Claim\19_v2.jpg
20,train,Valid,1,output\tm_dataset\train\Valid_Claim\20_v1.jpg
20,train,Valid,2,output\tm_dataset\train\Valid_Claim\20_v2.jpg
21,train,Invalid,1,output\tm_dataset\train\Invalid_Claim\21_v1.jpg
21,train,Invalid,2,output\tm_dataset\train\Invalid_Claim\21_v2.jpg
22,train,Valid,1,output\tm_dataset\train\Valid_Claim\22_v1.jpg
22,train,Valid,2,output\tm_dataset\train\Valid_Claim\22_v2.jpg
25,train,Invalid,1,output\tm_dataset\train\Invalid_Claim\25_v1.jpg
25,train,Invalid,2,output\tm_dataset\train\Invalid_Claim\25_v2.jpg
26,train,Invalid,1,output\tm_dataset\train\Invalid_Claim\26_v1.jpg
26,train,Invalid,2,output\tm_dataset\train\Invalid_Claim\26_v2.jpg
27,train,Manual Review,1,output\tm_dataset\train\Manual_Review\27_v1.jpg
27,train,Manual Review,2,output\tm_dataset\train\Manual_Review\27_v2.jpg
28,train,Valid,1,output\tm_dataset\train\Valid_Claim\28_v1.jpg
28,train,Valid,2,output\tm_dataset\train\Valid_Claim\28_v2.jpg
29,train,Invalid,1,output\tm_dataset\train\Invalid_Claim\29_v1.jpg
29,train,Invalid,2,output\tm_dataset\train\Invalid_Claim\29_v2.jpg
30,train,Invalid,1,output\tm_dataset\train\Invalid_Claim\30_v1.jpg
30,train,Invalid,2,output\tm_dataset\train\Invalid_Claim\30_v2.jpg
34,train,Manual Review,1,output\tm_dataset\train\Manual_Review\34_v1.jpg
34,train,Manual Review,2,output\tm_dataset\train\Manual_Review\34_v2.jpg
36,train,Valid,1,output\tm_dataset\train\Valid_Claim\36_v1.jpg
36,train,Valid,2,output\tm_dataset\train\Valid_Claim\36_v2.jpg
37,train,Manual Review,1,output\tm_dataset\train\Manual_Review\37_v1.jpg
37,train,Manual Review,2,output\tm_dataset\train\Manual_Review\37_v2.jpg
38,train,Manual Review,1,output\tm_dataset\train\Manual_Review\38_v1.jpg
38,train,Manual Review,2,output\tm_dataset\train\Manual_Review\38_v2.jpg
39,train,Invalid,1,output\tm_dataset\train\Invalid_Claim\39_v1.jpg
39,train,Invalid,2,output\tm_dataset\train\Invalid_Claim\39_v2.jpg
41,train,Invalid,1,output\tm_dataset\train\Invalid_Claim\41_v1.jpg
41,train,Invalid,2,output\tm_dataset\train\Invalid_Claim\41_v2.jpg
43,train,Invalid,1,output\tm_dataset\train\Invalid_Claim\43_v1.jpg
43,train,Invalid,2,output\tm_dataset\train\Invalid_Claim\43_v2.jpg
44,train,Invalid,1,output\tm_dataset\train\Invalid_Claim\44_v1.jpg
44,train,Invalid,2,output\tm_dataset\train\Invalid_Claim\44_v2.jpg
47,train,Invalid,1,output\tm_dataset\train\Invalid_Claim\47_v1.jpg
47,train,Invalid,2,output\tm_dataset\train\Invalid_Claim\47_v2.jpg
51,train,Valid,1,output\tm_dataset\train\Valid_Claim\51_v1.jpg
51,train,Valid,2,output\tm_dataset\train\Valid_Claim\51_v2.jpg
52,train,Invalid,1,output\tm_dataset\train\Invalid_Claim\52_v1.jpg
52,train,Invalid,2,output\tm_dataset\train\Invalid_Claim\52_v2.jpg
53,train,Valid,1,output\tm_dataset\train\Valid_Claim\53_v1.jpg
53,train,Valid,2,output\tm_dataset\train\Valid_Claim\53_v2.jpg
54,train,Invalid,1,output\tm_dataset\train\Invalid_Claim\54_v1.jpg
54,train,Invalid,2,output\tm_dataset\train\Invalid_Claim\54_v2.jpg
55,train,Invalid,1,output\tm_dataset\train\Invalid_Claim\55_v1.jpg
55,train,Invalid,2,output\tm_dataset\train\Invalid_Claim\55_v2.jpg
56,train,Manual Review,1,output\tm_dataset\train\Manual_Review\56_v1.jpg
56,train,Manual Review,2,output\tm_dataset\train\Manual_Review\56_v2.jpg
57,train,Manual Review,1,output\tm_dataset\train\Manual_Review\57_v1.jpg
57,train,Manual Review,2,output\tm_dataset\train\Manual_Review\57_v2.jpg
58,train,Invalid,1,output\tm_dataset\train\Invalid_Claim\58_v1.jpg
58,train,Invalid,2,output\tm_dataset\train\Invalid_Claim\58_v2.jpg
59,train,Valid,1,output\tm_dataset\train\Valid_Claim\59_v1.jpg
59,train,Valid,2,output\tm_dataset\train\Valid_Claim\59_v2.jpg
60,train,Valid,1,output\tm_dataset\train\Valid_Claim\60_v1.jpg
60,train,Valid,2,output\tm_dataset\train\Valid_Claim\60_v2.jpg
61,train,Invalid,1,output\tm_dataset\train\Invalid_Claim\61_v1.jpg
61,train,Invalid,2,output\tm_dataset\train\Invalid_Claim\61_v2.jpg
65,train,Invalid,1,output\tm_dataset\train\Invalid_Claim\65_v1.jpg
65,train,Invalid,2,output\tm_dataset\train\Invalid_Claim\65_v2.jpg
66,train,Valid,1,output\tm_dataset\train\Valid_Claim\66_v1.jpg
66,train,Valid,2,output\tm_dataset\train\Valid_Claim\66_v2.jpg
67,train,Manual Review,1,output\tm_dataset\train\Manual_Review\67_v1.jpg
67,train,Manual Review,2,output\tm_dataset\train\Manual_Review\67_v2.jpg
68,train,Invalid,1,output\tm_dataset\train\Invalid_Claim\68_v1.jpg
68,train,Invalid,2,output\tm_dataset\train\Invalid_Claim\68_v2.jpg
69,train,Invalid,1,output\tm_dataset\train\Invalid_Claim\69_v1.jpg
69,train,Invalid,2,output\tm_dataset\train\Invalid_Claim\69_v2.jpg
70,train,Manual Review,1,output\tm_dataset\train\Manual_Review\70_v1.jpg
70,train,Manual Review,2,output\tm_dataset\train\Manual_Review\70_v2.jpg
72,train,Invalid,1,output\tm_dataset\train\Invalid_Claim\72_v1.jpg
72,train,Invalid,2,output\tm_dataset\train\Invalid_Claim\72_v2.jpg
74,train,Manual Review,1,output\tm_dataset\train\Manual_Review\74_v1.jpg
74,train,Manual Review,2,output\tm_dataset\train\Manual_Review\74_v2.jpg
75,train,Valid,1,output\tm_dataset\train\Valid_Claim\75_v1.jpg
75,train,Valid,2,output\tm_dataset\train\Valid_Claim\75_v2.jpg
76,train,Manual Review,1,output\tm_dataset\train\Manual_Review\76_v1.jpg
76,train,Manual Review,2,output\tm_dataset\train\Manual_Review\76_v2.jpg
77,train,Invalid,1,output\tm_dataset\train\Invalid_Claim\77_v1.jpg
77,train,Invalid,2,output\tm_dataset\train\Invalid_Claim\77_v2.jpg
78,train,Manual Review,1,output\tm_dataset\train\Manual_Review\78_v1.jpg
78,train,Manual Review,2,output\tm_dataset\train\Manual_Review\78_v2.jpg
81,train,Manual Review,1,output\tm_dataset\train\Manual_Review\81_v1.jpg
81,train,Manual Review,2,output\tm_dataset\train\Manual_Review\81_v2.jpg
82,train,Manual Review,1,output\tm_dataset\train\Manual_Review\82_v1.jpg
82,train,Manual Review,2,output\tm_dataset\train\Manual_Review\82_v2.jpg
84,train,Invalid,1,output\tm_dataset\train\Invalid_Claim\84_v1.jpg
84,train,Invalid,2,output\tm_dataset\train\Invalid_Claim\84_v2.jpg
85,train,Invalid,1,output\tm_dataset\train\Invalid_Claim\85_v1.jpg
85,train,Invalid,2,output\tm_dataset\train\Invalid_Claim\85_v2.jpg
86,train,Valid,1,output\tm_dataset\train\Valid_Claim\86_v1.jpg
86,train,Valid,2,output\tm_dataset\train\Valid_Claim\86_v2.jpg
87,train,Invalid,1,output\tm_dataset\train\Invalid_Claim\87_v1.jpg
87,train,Invalid,2,output\tm_dataset\train\Invalid_Claim\87_v2.jpg
88,train,Valid,1,output\tm_dataset\train\Valid_Claim\88_v1.jpg
88,train,Valid,2,output\tm_dataset\train\Valid_Claim\88_v2.jpg
89,train,Invalid,1,output\tm_dataset\train\Invalid_Claim\89_v1.jpg
89,train,Invalid,2,output\tm_dataset\train\Invalid_Claim\89_v2.jpg
90,train,Invalid,1,output\tm_dataset\train\Invalid_Claim\90_v1.jpg
90,train,Invalid,2,output\tm_dataset\train\Invalid_Claim\90_v2.jpg
91,train,Manual Review,1,output\tm_dataset\train\Manual_Review\91_v1.jpg
91,train,Manual Review,2,output\tm_dataset\train\Manual_Review\91_v2.jpg
92,train,Valid,1,output\tm_dataset\train\Valid_Claim\92_v1.jpg
92,train,Valid,2,output\tm_dataset\train\Valid_Claim\92_v2.jpg
93,train,Manual Review,1,output\tm_dataset\train\Manual_Review\93_v1.jpg
93,train,Manual Review,2,output\tm_dataset\train\Manual_Review\93_v2.jpg
94,train,Valid,1,output\tm_dataset\train\Valid_Claim\94_v1.jpg
94,train,Valid,2,output\tm_dataset\train\Valid_Claim\94_v2.jpg
95,train,Valid,1,output\tm_dataset\train\Valid_Claim\95_v1.jpg
95,train,Valid,2,output\tm_dataset\train\Valid_Claim\95_v2.jpg
97,train,Invalid,1,output\tm_dataset\train\Invalid_Claim\97_v1.jpg
97,train,Invalid,2,output\tm_dataset\train\Invalid_Claim\97_v2.jpg
98,train,Valid,1,output\tm_dataset\train\Valid_Claim\98_v1.jpg
98,train,Valid,2,output\tm_dataset\train\Valid_Claim\98_v2.jpg
99,train,Manual Review,1,output\tm_dataset\train\Manual_Review\99_v1.jpg
99,train,Manual Review,2,output\tm_dataset\train\Manual_Review\99_v2.jpg
100,train,Valid,1,output\tm_dataset\train\Valid_Claim\100_v1.jpg
100,train,Valid,2,output\tm_dataset\train\Valid_Claim\100_v2.jpg
101,train,Invalid,1,output\tm_dataset\train\Invalid_Claim\101_v1.jpg
101,train,Invalid,2,output\tm_dataset\train\Invalid_Claim\101_v2.jpg
103,train,Invalid,1,output\tm_dataset\train\Invalid_Claim\103_v1.jpg
103,train,Invalid,2,output\tm_dataset\train\Invalid_Claim\103_v2.jpg
104,train,Invalid,1,output\tm_dataset\train\Invalid_Claim\104_v1.jpg
104,train,Invalid,2,output\tm_dataset\train\Invalid_Claim\104_v2.jpg
105,train,Manual Review,1,output\tm_dataset\train\Manual_Review\105_v1.jpg
105,train,Manual Review,2,output\tm_dataset\train\Manual_Review\105_v2.jpg
106,train,Valid,1,output\tm_dataset\train\Valid_Claim\106_v1.jpg
106,train,Valid,2,output\tm_dataset\train\Valid_Claim\106_v2.jpg
107,train,Valid,1,output\tm_dataset\train\Valid_Claim\107_v1.jpg
107,train,Valid,2,output\tm_dataset\train\Valid_Claim\107_v2.jpg
108,train,Valid,1,output\tm_dataset\train\Valid_Claim\108_v1.jpg
108,train,Valid,2,output\tm_dataset\train\Valid_Claim\108_v2.jpg
109,train,Manual Review,1,output\tm_dataset\train\Manual_Review\109_v1.jpg
109,train,Manual Review,2,output\tm_dataset\train\Manual_Review\109_v2.jpg
110,train,Manual Review,1,output\tm_dataset\train\Manual_Review\110_v1.jpg
110,train,Manual Review,2,output\tm_dataset\train\Manual_Review\110_v2.jpg
111,train,Manual Review,1,output\tm_dataset\train\Manual_Review\111_v1.jpg
111,train,Manual Review,2,output\tm_dataset\train\Manual_Review\111_v2.jpg
112,train,Invalid,1,output\tm_dataset\train\Invalid_Claim\112_v1.jpg
112,train,Invalid,2,output\tm_dataset\train\Invalid_Claim\112_v2.jpg
114,train,Valid,1,output\tm_dataset\train\Valid_Claim\114_v1.jpg
114,train,Valid,2,output\tm_dataset\train\Valid_Claim\114_v2.jpg
117,train,Valid,1,output\tm_dataset\train\Valid_Claim\117_v1.jpg
117,train,Valid,2,output\tm_dataset\train\Valid_Claim\117_v2.jpg
118,train,Manual Review,1,output\tm_dataset\train\Manual_Review\118_v1.jpg
118,train,Manual Review,2,output\tm_dataset\train\Manual_Review\118_v2.jpg
120,train,Valid,1,output\tm_dataset\train\Valid_Claim\120_v1.jpg
120,train,Valid,2,output\tm_dataset\train\Valid_Claim\120_v2.jpg
127,train,Invalid,1,output\tm_dataset\train\Invalid_Claim\127_v1.jpg
127,train,Invalid,2,output\tm_dataset\train\Invalid_Claim\127_v2.jpg
129,train,Manual Review,1,output\tm_dataset\train\Manual_Review\129_v1.jpg
129,train,Manual Review,2,output\tm_dataset\train\Manual_Review\129_v2.jpg
130,train,Valid,1,output\tm_dataset\train\Valid_Claim\130_v1.jpg
130,train,Valid,2,output\tm_dataset\train\Valid_Claim\130_v2.jpg
134,train,Valid,1,output\tm_dataset\train\Valid_Claim\134_v1.jpg
134,train,Valid,2,output\tm_dataset\train\Valid_Claim\134_v2.jpg
137,train,Valid,1,output\tm_dataset\train\Valid_Claim\137_v1.jpg
137,train,Valid,2,output\tm_dataset\train\Valid_Claim\137_v2.jpg
138,train,Manual Review,1,output\tm_dataset\train\Manual_Review\138_v1.jpg
138,train,Manual Review,2,output\tm_dataset\train\Manual_Review\138_v2.jpg
139,train,Invalid,1,output\tm_dataset\train\Invalid_Claim\139_v1.jpg
139,train,Invalid,2,output\tm_dataset\train\Invalid_Claim\139_v2.jpg
140,train,Invalid,1,output\tm_dataset\train\Invalid_Claim\140_v1.jpg
140,train,Invalid,2,output\tm_dataset\train\Invalid_Claim\140_v2.jpg
141,train,Invalid,1,output\tm_dataset\train\Invalid_Claim\141_v1.jpg
141,train,Invalid,2,output\tm_dataset\train\Invalid_Claim\141_v2.jpg
142,train,Valid,1,output\tm_dataset\train\Valid_Claim\142_v1.jpg
142,train,Valid,2,output\tm_dataset\train\Valid_Claim\142_v2.jpg
143,train,Valid,1,output\tm_dataset\train\Valid_Claim\143_v1.jpg
143,train,Valid,2,output\tm_dataset\train\Valid_Claim\143_v2.jpg
144,train,Valid,1,output\tm_dataset\train\Valid_Claim\144_v1.jpg
144,train,Valid,2,output\tm_dataset\train\Valid_Claim\144_v2.jpg
145,train,Manual Review,1,output\tm_dataset\train\Manual_Review\145_v1.jpg
145,train,Manual Review,2,output\tm_dataset\train\Manual_Review\145_v2.jpg
150,train,Manual Review,1,output\tm_dataset\train\Manual_Review\150_v1.jpg
150,train,Manual Review,2,output\tm_dataset\train\Manual_Review\150_v2.jpg
151,train,Manual Review,1,output\tm_dataset\train\Manual_Review\151_v1.jpg
151,train,Manual Review,2,output\tm_dataset\train\Manual_Review\151_v2.jpg
152,train,Manual Review,1,output\tm_dataset\train\Manual_Review\152_v1.jpg
152,train,Manual Review,2,output\tm_dataset\train\Manual_Review\152_v2.jpg
153,train,Manual Review,1,output\tm_dataset\train\Manual_Review\153_v1.jpg
153,train,Manual Review,2,output\tm_dataset\train\Manual_Review\153_v2.jpg
154,train,Valid,1,output\tm_dataset\train\Valid_Claim\154_v1.jpg
154,train,Valid,2,output\tm_dataset\train\Valid_Claim\154_v2.jpg
155,train,Valid,1,output\tm_dataset\train\Valid_Claim\155_v1.jpg
155,train,Valid,2,output\tm_dataset\train\Valid_Claim\155_v2.jpg
156,train,Manual Review,1,output\tm_dataset\train\Manual_Review\156_v1.jpg
156,train,Manual Review,2,output\tm_dataset\train\Manual_Review\156_v2.jpg
157,train,Manual Review,1,output\tm_dataset\train\Manual_Review\157_v1.jpg
157,train,Manual Review,2,output\tm_dataset\train\Manual_Review\157_v2.jpg
158,train,Manual Review,1,output\tm_dataset\train\Manual_Review\158_v1.jpg
158,train,Manual Review,2,output\tm_dataset\train\Manual_Review\158_v2.jpg
159,train,Valid,1,output\tm_dataset\train\Valid_Claim\159_v1.jpg
159,train,Valid,2,output\tm_dataset\train\Valid_Claim\159_v2.jpg
160,train,Valid,1,output\tm_dataset\train\Valid_Claim\160_v1.jpg
160,train,Valid,2,output\tm_dataset\train\Valid_Claim\160_v2.jpg
163,train,Invalid,1,output\tm_dataset\train\Invalid_Claim\163_v1.jpg
163,train,Invalid,2,output\tm_dataset\train\Invalid_Claim\163_v2.jpg
164,train,Invalid,1,output\tm_dataset\train\Invalid_Claim\164_v1.jpg
164,train,Invalid,2,output\tm_dataset\train\Invalid_Claim\164_v2.jpg
167,train,Manual Review,1,output\tm_dataset\train\Manual_Review\167_v1.jpg
167,train,Manual Review,2,output\tm_dataset\train\Manual_Review\167_v2.jpg
168,train,Valid,1,output\tm_dataset\train\Valid_Claim\168_v1.jpg
168,train,Valid,2,output\tm_dataset\train\Valid_Claim\168_v2.jpg
170,train,Manual Review,1,output\tm_dataset\train\Manual_Review\170_v1.jpg
170,train,Manual Review,2,output\tm_dataset\train\Manual_Review\170_v2.jpg
171,train,Invalid,1,output\tm_dataset\train\Invalid_Claim\171_v1.jpg
171,train,Invalid,2,output\tm_dataset\train\Invalid_Claim\171_v2.jpg
172,train,Manual Review,1,output\tm_dataset\train\Manual_Review\172_v1.jpg
172,train,Manual Review,2,output\tm_dataset\train\Manual_Review\172_v2.jpg
173,train,Valid,1,output\tm_dataset\train\Valid_Claim\173_v1.jpg
173,train,Valid,2,output\tm_dataset\train\Valid_Claim\173_v2.jpg
175,train,Valid,1,output\tm_dataset\train\Valid_Claim\175_v1.jpg
175,train,Valid,2,output\tm_dataset\train\Valid_Claim\175_v2.jpg
177,train,Invalid,1,output\tm_dataset\train\Invalid_Claim\177_v1.jpg
177,train,Invalid,2,output\tm_dataset\train\Invalid_Claim\177_v2.jpg
178,train,Invalid,1,output\tm_dataset\train\Invalid_Claim\178_v1.jpg
178,train,Invalid,2,output\tm_dataset\train\Invalid_Claim\178_v2.jpg
179,train,Invalid,1,output\tm_dataset\train\Invalid_Claim\179_v1.jpg
179,train,Invalid,2,output\tm_dataset\train\Invalid_Claim\179_v2.jpg
180,train,Manual Review,1,output\tm_dataset\train\Manual_Review\180_v1.jpg
180,train,Manual Review,2,output\tm_dataset\train\Manual_Review\180_v2.jpg
181,train,Valid,1,output\tm_dataset\train\Valid_Claim\181_v1.jpg
181,train,Valid,2,output\tm_dataset\train\Valid_Claim\181_v2.jpg
182,train,Valid,1,output\tm_dataset\train\Valid_Claim\182_v1.jpg
182,train,Valid,2,output\tm_dataset\train\Valid_Claim\182_v2.jpg
183,train,Valid,1,output\tm_dataset\train\Valid_Claim\183_v1.jpg
183,train,Valid,2,output\tm_dataset\train\Valid_Claim\183_v2.jpg
184,train,Valid,1,output\tm_dataset\train\Valid_Claim\184_v1.jpg
184,train,Valid,2,output\tm_dataset\train\Valid_Claim\184_v2.jpg
185,train,Invalid,1,output\tm_dataset\train\Invalid_Claim\185_v1.jpg
185,train,Invalid,2,output\tm_dataset\train\Invalid_Claim\185_v2.jpg
186,train,Invalid,1,output\tm_dataset\train\Invalid_Claim\186_v1.jpg
186,train,Invalid,2,output\tm_dataset\train\Invalid_Claim\186_v2.jpg
187,train,Invalid,1,output\tm_dataset\train\Invalid_Claim\187_v1.jpg
187,train,Invalid,2,output\tm_dataset\train\Invalid_Claim\187_v2.jpg
188,train,Valid,1,output\tm_dataset\train\Valid_Claim\188_v1.jpg
188,train,Valid,2,output\tm_dataset\train\Valid_Claim\188_v2.jpg
190,train,Valid,1,output\tm_dataset\train\Valid_Claim\190_v1.jpg
190,train,Valid,2,output\tm_dataset\train\Valid_Claim\190_v2.jpg
193,train,Manual Review,1,output\tm_dataset\train\Manual_Review\193_v1.jpg
193,train,Manual Review,2,output\tm_dataset\train\Manual_Review\193_v2.jpg
195,train,Valid,1,output\tm_dataset\train\Valid_Claim\195_v1.jpg
195,train,Valid,2,output\tm_dataset\train\Valid_Claim\195_v2.jpg
196,train,Manual Review,1,output\tm_dataset\train\Manual_Review\196_v1.jpg
196,train,Manual Review,2,output\tm_dataset\train\Manual_Review\196_v2.jpg
197,train,Manual Review,1,output\tm_dataset\train\Manual_Review\197_v1.jpg
197,train,Manual Review,2,output\tm_dataset\train\Manual_Review\197_v2.jpg
198,train,Valid,1,output\tm_dataset\train\Valid_Claim\198_v1.jpg
198,train,Valid,2,output\tm_dataset\train\Valid_Claim\198_v2.jpg
199,train,Valid,1,output\tm_dataset\train\Valid_Claim\199_v1.jpg
199,train,Valid,2,output\tm_dataset\train\Valid_Claim\199_v2.jpg
200,train,Invalid,1,output\tm_dataset\train\Invalid_Claim\200_v1.jpg
200,train,Invalid,2,output\tm_dataset\train\Invalid_Claim\200_v2.jpg
202,train,Valid,1,output\tm_dataset\train\Valid_Claim\202_v1.jpg
202,train,Valid,2,output\tm_dataset\train\Valid_Claim\202_v2.jpg
203,train,Invalid,1,output\tm_dataset\train\Invalid_Claim\203_v1.jpg
203,train,Invalid,2,output\tm_dataset\train\Invalid_Claim\203_v2.jpg
206,train,Manual Review,1,output\tm_dataset\train\Manual_Review\206_v1.jpg
206,train,Manual Review,2,output\tm_dataset\train\Manual_Review\206_v2.jpg
207,train,Manual Review,1,output\tm_dataset\train\Manual_Review\207_v1.jpg
207,train,Manual Review,2,output\tm_dataset\train\Manual_Review\207_v2.jpg
209,train,Manual Review,1,output\tm_dataset\train\Manual_Review\209_v1.jpg
209,train,Manual Review,2,output\tm_dataset\train\Manual_Review\209_v2.jpg
210,train,Valid,1,output\tm_dataset\train\Valid_Claim\210_v1.jpg
210,train,Valid,2,output\tm_dataset\train\Valid_Claim\210_v2.jpg
211,train,Valid,1,output\tm_dataset\train\Valid_Claim\211_v1.jpg
211,train,Valid,2,output\tm_dataset\train\Valid_Claim\211_v2.jpg
212,train,Valid,1,output\tm_dataset\train\Valid_Claim\212_v1.jpg
212,train,Valid,2,output\tm_dataset\train\Valid_Claim\212_v2.jpg
213,train,Invalid,1,output\tm_dataset\train\Invalid_Claim\213_v1.jpg
213,train,Invalid,2,output\tm_dataset\train\Invalid_Claim\213_v2.jpg
214,train,Valid,1,output\tm_dataset\train\Valid_Claim\214_v1.jpg
214,train,Valid,2,output\tm_dataset\train\Valid_Claim\214_v2.jpg
215,train,Manual Review,1,output\tm_dataset\train\Manual_Review\215_v1.jpg
215,train,Manual Review,2,output\tm_dataset\train\Manual_Review\215_v2.jpg
216,train,Invalid,1,output\tm_dataset\train\Invalid_Claim\216_v1.jpg
216,train,Invalid,2,output\tm_dataset\train\Invalid_Claim\216_v2.jpg
217,train,Valid,1,output\tm_dataset\train\Valid_Claim\217_v1.jpg
217,train,Valid,2,output\tm_dataset\train\Valid_Claim\217_v2.jpg
218,train,Valid,1,output\tm_dataset\train\Valid_Claim\218_v1.jpg
218,train,Valid,2,output\tm_dataset\train\Valid_Claim\218_v2.jpg
219,train,Manual Review,1,output\tm_dataset\train\Manual_Review\219_v1.jpg
219,train,Manual Review,2,output\tm_dataset\train\Manual_Review\219_v2.jpg
220,train,Invalid,1,output\tm_dataset\train\Invalid_Claim\220_v1.jpg
220,train,Invalid,2,output\tm_dataset\train\Invalid_Claim\220_v2.jpg
221,train,Invalid,1,output\tm_dataset\train\Invalid_Claim\221_v1.jpg
221,train,Invalid,2,output\tm_dataset\train\Invalid_Claim\221_v2.jpg
223,train,Valid,1,output\tm_dataset\train\Valid_Claim\223_v1.jpg
223,train,Valid,2,output\tm_dataset\train\Valid_Claim\223_v2.jpg
224,train,Invalid,1,output\tm_dataset\train\Invalid_Claim\224_v1.jpg
224,train,Invalid,2,output\tm_dataset\train\Invalid_Claim\224_v2.jpg
226,train,Invalid,1,output\tm_dataset\train\Invalid_Claim\226_v1.jpg
226,train,Invalid,2,output\tm_dataset\train\Invalid_Claim\226_v2.jpg
227,train,Manual Review,1,output\tm_dataset\train\Manual_Review\227_v1.jpg
227,train,Manual Review,2,output\tm_dataset\train\Manual_Review\227_v2.jpg
229,train,Invalid,1,output\tm_dataset\train\Invalid_Claim\229_v1.jpg
229,train,Invalid,2,output\tm_dataset\train\Invalid_Claim\229_v2.jpg
231,train,Manual Review,1,output\tm_dataset\train\Manual_Review\231_v1.jpg
231,train,Manual Review,2,output\tm_dataset\train\Manual_Review\231_v2.jpg
232,train,Manual Review,1,output\tm_dataset\train\Manual_Review\232_v1.jpg
232,train,Manual Review,2,output\tm_dataset\train\Manual_Review\232_v2.jpg
233,train,Invalid,1,output\tm_dataset\train\Invalid_Claim\233_v1.jpg
233,train,Invalid,2,output\tm_dataset\train\Invalid_Claim\233_v2.jpg
234,train,Invalid,1,output\tm_dataset\train\Invalid_Claim\234_v1.jpg
234,train,Invalid,2,output\tm_dataset\train\Invalid_Claim\234_v2.jpg
235,train,Manual Review,1,output\tm_dataset\train\Manual_Review\235_v1.jpg
235,train,Manual Review,2,output\tm_dataset\train\Manual_Review\235_v2.jpg
238,train,Invalid,1,output\tm_dataset\train\Invalid_Claim\238_v1.jpg
238,train,Invalid,2,output\tm_dataset\train\Invalid_Claim\238_v2.jpg
239,train,Valid,1,output\tm_dataset\train\Valid_Claim\239_v1.jpg
239,train,Valid,2,output\tm_dataset\train\Valid_Claim\239_v2.jpg
240,train,Invalid,1,output\tm_dataset\train\Invalid_Claim\240_v1.jpg
240,train,Invalid,2,output\tm_dataset\train\Invalid_Claim\240_v2.jpg
242,train,Manual Review,1,output\tm_dataset\train\Manual_Review\242_v1.jpg
242,train,Manual Review,2,output\tm_dataset\train\Manual_Review\242_v2.jpg
243,train,Valid,1,output\tm_dataset\train\Valid_Claim\243_v1.jpg
243,train,Valid,2,output\tm_dataset\train\Valid_Claim\243_v2.jpg
244,train,Manual Review,1,output\tm_dataset\train\Manual_Review\244_v1.jpg
244,train,Manual Review,2,output\tm_dataset\train\Manual_Review\244_v2.jpg
245,train,Manual Review,1,output\tm_dataset\train\Manual_Review\245_v1.jpg
245,train,Manual Review,2,output\tm_dataset\train\Manual_Review\245_v2.jpg
246,train,Manual Review,1,output\tm_dataset\train\Manual_Review\246_v1.jpg
246,train,Manual Review,2,output\tm_dataset\train\Manual_Review\246_v2.jpg
247,train,Invalid,1,output\tm_dataset\train\Invalid_Claim\247_v1.jpg
247,train,Invalid,2,output\tm_dataset\train\Invalid_Claim\247_v2.jpg
248,train,Valid,1,output\tm_dataset\train\Valid_Claim\248_v1.jpg
248,train,Valid,2,output\tm_dataset\train\Valid_Claim\248_v2.jpg
249,train,Manual Review,1,output\tm_dataset\train\Manual_Review\249_v1.jpg
249,train,Manual Review,2,output\tm_dataset\train\Manual_Review\249_v2.jpg
251,train,Valid,1,output\tm_dataset\train\Valid_Claim\251_v1.jpg
251,train,Valid,2,output\tm_dataset\train\Valid_Claim\251_v2.jpg
253,train,Invalid,1,output\tm_dataset\train\Invalid_Claim\253_v1.jpg
253,train,Invalid,2,output\tm_dataset\train\Invalid_Claim\253_v2.jpg
254,train,Invalid,1,output\tm_dataset\train\Invalid_Claim\254_v1.jpg
254,train,Invalid,2,output\tm_dataset\train\Invalid_Claim\254_v2.jpg
255,train,Manual Review,1,output\tm_dataset\train\Manual_Review\255_v1.jpg
255,train,Manual Review,2,output\tm_dataset\train\Manual_Review\255_v2.jpg
257,train,Valid,1,output\tm_dataset\train\Valid_Claim\257_v1.jpg
257,train,Valid,2,output\tm_dataset\train\Valid_Claim\257_v2.jpg
258,train,Manual Review,1,output\tm_dataset\train\Manual_Review\258_v1.jpg
258,train,Manual Review,2,output\tm_dataset\train\Manual_Review\258_v2.jpg
260,train,Invalid,1,output\tm_dataset\train\Invalid_Claim\260_v1.jpg
260,train,Invalid,2,output\tm_dataset\train\Invalid_Claim\260_v2.jpg
261,train,Manual Review,1,output\tm_dataset\train\Manual_Review\261_v1.jpg
261,train,Manual Review,2,output\tm_dataset\train\Manual_Review\261_v2.jpg
262,train,Invalid,1,output\tm_dataset\train\Invalid_Claim\262_v1.jpg
262,train,Invalid,2,output\tm_dataset\train\Invalid_Claim\262_v2.jpg
264,train,Invalid,1,output\tm_dataset\train\Invalid_Claim\264_v1.jpg
264,train,Invalid,2,output\tm_dataset\train\Invalid_Claim\264_v2.jpg
265,train,Invalid,1,output\tm_dataset\train\Invalid_Claim\265_v1.jpg
265,train,Invalid,2,output\tm_dataset\train\Invalid_Claim\265_v2.jpg
266,train,Manual Review,1,output\tm_dataset\train\Manual_Review\266_v1.jpg
266,train,Manual Review,2,output\tm_dataset\train\Manual_Review\266_v2.jpg
267,train,Invalid,1,output\tm_dataset\train\Invalid_Claim\267_v1.jpg
267,train,Invalid,2,output\tm_dataset\train\Invalid_Claim\267_v2.jpg
268,train,Manual Review,1,output\tm_dataset\train\Manual_Review\268_v1.jpg
268,train,Manual Review,2,output\tm_dataset\train\Manual_Review\268_v2.jpg
269,train,Valid,1,output\tm_dataset\train\Valid_Claim\269_v1.jpg
269,train,Valid,2,output\tm_dataset\train\Valid_Claim\269_v2.jpg
270,train,Invalid,1,output\tm_dataset\train\Invalid_Claim\270_v1.jpg
270,train,Invalid,2,output\tm_dataset\train\Invalid_Claim\270_v2.jpg
272,train,Manual Review,1,output\tm_dataset\train\Manual_Review\272_v1.jpg
272,train,Manual Review,2,output\tm_dataset\train\Manual_Review\272_v2.jpg
273,train,Manual Review,1,output\tm_dataset\train\Manual_Review\273_v1.jpg
273,train,Manual Review,2,output\tm_dataset\train\Manual_Review\273_v2.jpg
275,train,Manual Review,1,output\tm_dataset\train\Manual_Review\275_v1.jpg
275,train,Manual Review,2,output\tm_dataset\train\Manual_Review\275_v2.jpg
278,train,Valid,1,output\tm_dataset\train\Valid_Claim\278_v1.jpg
278,train,Valid,2,output\tm_dataset\train\Valid_Claim\278_v2.jpg
279,train,Manual Review,1,output\tm_dataset\train\Manual_Review\279_v1.jpg
279,train,Manual Review,2,output\tm_dataset\train\Manual_Review\279_v2.jpg
280,train,Valid,1,output\tm_dataset\train\Valid_Claim\280_v1.jpg
280,train,Valid,2,output\tm_dataset\train\Valid_Claim\280_v2.jpg
283,train,Invalid,1,output\tm_dataset\train\Invalid_Claim\283_v1.jpg
283,train,Invalid,2,output\tm_dataset\train\Invalid_Claim\283_v2.jpg
286,train,Manual Review,1,output\tm_dataset\train\Manual_Review\286_v1.jpg
286,train,Manual Review,2,output\tm_dataset\train\Manual_Review\286_v2.jpg
287,train,Valid,1,output\tm_dataset\train\Valid_Claim\287_v1.jpg
287,train,Valid,2,output\tm_dataset\train\Valid_Claim\287_v2.jpg
290,train,Valid,1,output\tm_dataset\train\Valid_Claim\290_v1.jpg
290,train,Valid,2,output\tm_dataset\train\Valid_Claim\290_v2.jpg
291,train,Valid,1,output\tm_dataset\train\Valid_Claim\291_v1.jpg
291,train,Valid,2,output\tm_dataset\train\Valid_Claim\291_v2.jpg
294,train,Invalid,1,output\tm_dataset\train\Invalid_Claim\294_v1.jpg
294,train,Invalid,2,output\tm_dataset\train\Invalid_Claim\294_v2.jpg
296,train,Invalid,1,output\tm_dataset\train\Invalid_Claim\296_v1.jpg
296,train,Invalid,2,output\tm_dataset\train\Invalid_Claim\296_v2.jpg
297,train,Manual Review,1,output\tm_dataset\train\Manual_Review\297_v1.jpg
297,train,Manual Review,2,output\tm_dataset\train\Manual_Review\297_v2.jpg
300,train,Valid,1,output\tm_dataset\train\Valid_Claim\300_v1.jpg
300,train,Valid,2,output\tm_dataset\train\Valid_Claim\300_v2.jpg
302,train,Invalid,1,output\tm_dataset\train\Invalid_Claim\302_v1.jpg
302,train,Invalid,2,output\tm_dataset\train\Invalid_Claim\302_v2.jpg
303,train,Valid,1,output\tm_dataset\train\Valid_Claim\303_v1.jpg
303,train,Valid,2,output\tm_dataset\train\Valid_Claim\303_v2.jpg
304,train,Manual Review,1,output\tm_dataset\train\Manual_Review\304_v1.jpg
304,train,Manual Review,2,output\tm_dataset\train\Manual_Review\304_v2.jpg
305,train,Valid,1,output\tm_dataset\train\Valid_Claim\305_v1.jpg
305,train,Valid,2,output\tm_dataset\train\Valid_Claim\305_v2.jpg
306,train,Valid,1,output\tm_dataset\train\Valid_Claim\306_v1.jpg
306,train,Valid,2,output\tm_dataset\train\Valid_Claim\306_v2.jpg
308,train,Invalid,1,output\tm_dataset\train\Invalid_Claim\308_v1.jpg
308,train,Invalid,2,output\tm_dataset\train\Invalid_Claim\308_v2.jpg
309,train,Valid,1,output\tm_dataset\train\Valid_Claim\309_v1.jpg
309,train,Valid,2,output\tm_dataset\train\Valid_Claim\309_v2.jpg
312,train,Valid,1,output\tm_dataset\train\Valid_Claim\312_v1.jpg
312,train,Valid,2,output\tm_dataset\train\Valid_Claim\312_v2.jpg
314,train,Invalid,1,output\tm_dataset\train\Invalid_Claim\314_v1.jpg
314,train,Invalid,2,output\tm_dataset\train\Invalid_Claim\314_v2.jpg
315,train,Invalid,1,output\tm_dataset\train\Invalid_Claim\315_v1.jpg
315,train,Invalid,2,output\tm_dataset\train\Invalid_Claim\315_v2.jpg
316,train,Invalid,1,output\tm_dataset\train\Invalid_Claim\316_v1.jpg
316,train,Invalid,2,output\tm_dataset\train\Invalid_Claim\316_v2.jpg
317,train,Invalid,1,output\tm_dataset\train\Invalid_Claim\317_v1.jpg
317,train,Invalid,2,output\tm_dataset\train\Invalid_Claim\317_v2.jpg
319,train,Valid,1,output\tm_dataset\train\Valid_Claim\319_v1.jpg
319,train,Valid,2,output\tm_dataset\train\Valid_Claim\319_v2.jpg
320,train,Invalid,1,output\tm_dataset\train\Invalid_Claim\320_v1.jpg
320,train,Invalid,2,output\tm_dataset\train\Invalid_Claim\320_v2.jpg
321,train,Invalid,1,output\tm_dataset\train\Invalid_Claim\321_v1.jpg
321,train,Invalid,2,output\tm_dataset\train\Invalid_Claim\321_v2.jpg
322,train,Manual Review,1,output\tm_dataset\train\Manual_Review\322_v1.jpg
322,train,Manual Review,2,output\tm_dataset\train\Manual_Review\322_v2.jpg
323,train,Valid,1,output\tm_dataset\train\Valid_Claim\323_v1.jpg
323,train,Valid,2,output\tm_dataset\train\Valid_Claim\323_v2.jpg
324,train,Manual Review,1,output\tm_dataset\train\Manual_Review\324_v1.jpg
324,train,Manual Review,2,output\tm_dataset\train\Manual_Review\324_v2.jpg
325,train,Valid,1,output\tm_dataset\train\Valid_Claim\325_v1.jpg
325,train,Valid,2,output\tm_dataset\train\Valid_Claim\325_v2.jpg
326,train,Invalid,1,output\tm_dataset\train\Invalid_Claim\326_v1.jpg
326,train,Invalid,2,output\tm_dataset\train\Invalid_Claim\326_v2.jpg
327,train,Invalid,1,output\tm_dataset\train\Invalid_Claim\327_v1.jpg
327,train,Invalid,2,output\tm_dataset\train\Invalid_Claim\327_v2.jpg
328,train,Valid,1,output\tm_dataset\train\Valid_Claim\328_v1.jpg
328,train,Valid,2,output\tm_dataset\train\Valid_Claim\328_v2.jpg
329,train,Valid,1,output\tm_dataset\train\Valid_Claim\329_v1.jpg
329,train,Valid,2,output\tm_dataset\train\Valid_Claim\329_v2.jpg
330,train,Manual Review,1,output\tm_dataset\train\Manual_Review\330_v1.jpg
330,train,Manual Review,2,output\tm_dataset\train\Manual_Review\330_v2.jpg
332,train,Manual Review,1,output\tm_dataset\train\Manual_Review\332_v1.jpg
332,train,Manual Review,2,output\tm_dataset\train\Manual_Review\332_v2.jpg
333,train,Manual Review,1,output\tm_dataset\train\Manual_Review\333_v1.jpg
333,train,Manual Review,2,output\tm_dataset\train\Manual_Review\333_v2.jpg
334,train,Valid,1,output\tm_dataset\train\Valid_Claim\334_v1.jpg
334,train,Valid,2,output\tm_dataset\train\Valid_Claim\334_v2.jpg
335,train,Manual Review,1,output\tm_dataset\train\Manual_Review\335_v1.jpg
335,train,Manual Review,2,output\tm_dataset\train\Manual_Review\335_v2.jpg
337,train,Manual Review,1,output\tm_dataset\train\Manual_Review\337_v1.jpg
337,train,Manual Review,2,output\tm_dataset\train\Manual_Review\337_v2.jpg
339,train,Manual Review,1,output\tm_dataset\train\Manual_Review\339_v1.jpg
339,train,Manual Review,2,output\tm_dataset\train\Manual_Review\339_v2.jpg
340,train,Invalid,1,output\tm_dataset\train\Invalid_Claim\340_v1.jpg
340,train,Invalid,2,output\tm_dataset\train\Invalid_Claim\340_v2.jpg
341,train,Valid,1,output\tm_dataset\train\Valid_Claim\341_v1.jpg
341,train,Valid,2,output\tm_dataset\train\Valid_Claim\341_v2.jpg
342,train,Invalid,1,output\tm_dataset\train\Invalid_Claim\342_v1.jpg
342,train,Invalid,2,output\tm_dataset\train\Invalid_Claim\342_v2.jpg
343,train,Manual Review,1,output\tm_dataset\train\Manual_Review\343_v1.jpg
343,train,Manual Review,2,output\tm_dataset\train\Manual_Review\343_v2.jpg
344,train,Manual Review,1,output\tm_dataset\train\Manual_Review\344_v1.jpg
344,train,Manual Review,2,output\tm_dataset\train\Manual_Review\344_v2.jpg
346,train,Invalid,1,output\tm_dataset\train\Invalid_Claim\346_v1.jpg
346,train,Invalid,2,output\tm_dataset\train\Invalid_Claim\346_v2.jpg
349,train,Manual Review,1,output\tm_dataset\train\Manual_Review\349_v1.jpg
349,train,Manual Review,2,output\tm_dataset\train\Manual_Review\349_v2.jpg
350,train,Valid,1,output\tm_dataset\train\Valid_Claim\350_v1.jpg
350,train,Valid,2,output\tm_dataset\train\Valid_Claim\350_v2.jpg
351,train,Invalid,1,output\tm_dataset\train\Invalid_Claim\351_v1.jpg
351,train,Invalid,2,output\tm_dataset\train\Invalid_Claim\351_v2.jpg
353,train,Invalid,1,output\tm_dataset\train\Invalid_Claim\353_v1.jpg
353,train,Invalid,2,output\tm_dataset\train\Invalid_Claim\353_v2.jpg
354,train,Invalid,1,output\tm_dataset\train\Invalid_Claim\354_v1.jpg
354,train,Invalid,2,output\tm_dataset\train\Invalid_Claim\354_v2.jpg
356,train,Invalid,1,output\tm_dataset\train\Invalid_Claim\356_v1.jpg
356,train,Invalid,2,output\tm_dataset\train\Invalid_Claim\356_v2.jpg
357,train,Manual Review,1,output\tm_dataset\train\Manual_Review\357_v1.jpg
357,train,Manual Review,2,output\tm_dataset\train\Manual_Review\357_v2.jpg
358,train,Valid,1,output\tm_dataset\train\Valid_Claim\358_v1.jpg
358,train,Valid,2,output\tm_dataset\train\Valid_Claim\358_v2.jpg
359,train,Valid,1,output\tm_dataset\train\Valid_Claim\359_v1.jpg
359,train,Valid,2,output\tm_dataset\train\Valid_Claim\359_v2.jpg
360,train,Manual Review,1,output\tm_dataset\train\Manual_Review\360_v1.jpg
360,train,Manual Review,2,output\tm_dataset\train\Manual_Review\360_v2.jpg
361,train,Manual Review,1,output\tm_dataset\train\Manual_Review\361_v1.jpg
361,train,Manual Review,2,output\tm_dataset\train\Manual_Review\361_v2.jpg
363,train,Manual Review,1,output\tm_dataset\train\Manual_Review\363_v1.jpg
363,train,Manual Review,2,output\tm_dataset\train\Manual_Review\363_v2.jpg
364,train,Manual Review,1,output\tm_dataset\train\Manual_Review\364_v1.jpg
364,train,Manual Review,2,output\tm_dataset\train\Manual_Review\364_v2.jpg
365,train,Invalid,1,output\tm_dataset\train\Invalid_Claim\365_v1.jpg
365,train,Invalid,2,output\tm_dataset\train\Invalid_Claim\365_v2.jpg
367,train,Manual Review,1,output\tm_dataset\train\Manual_Review\367_v1.jpg
367,train,Manual Review,2,output\tm_dataset\train\Manual_Review\367_v2.jpg
368,train,Manual Review,1,output\tm_dataset\train\Manual_Review\368_v1.jpg
368,train,Manual Review,2,output\tm_dataset\train\Manual_Review\368_v2.jpg
369,train,Valid,1,output\tm_dataset\train\Valid_Claim\369_v1.jpg
369,train,Valid,2,output\tm_dataset\train\Valid_Claim\369_v2.jpg
370,train,Valid,1,output\tm_dataset\train\Valid_Claim\370_v1.jpg
370,train,Valid,2,output\tm_dataset\train\Valid_Claim\370_v2.jpg
371,train,Manual Review,1,output\tm_dataset\train\Manual_Review\371_v1.jpg
371,train,Manual Review,2,output\tm_dataset\train\Manual_Review\371_v2.jpg
372,train,Invalid,1,output\tm_dataset\train\Invalid_Claim\372_v1.jpg
372,train,Invalid,2,output\tm_dataset\train\Invalid_Claim\372_v2.jpg
373,train,Invalid,1,output\tm_dataset\train\Invalid_Claim\373_v1.jpg
373,train,Invalid,2,output\tm_dataset\train\Invalid_Claim\373_v2.jpg
374,train,Valid,1,output\tm_dataset\train\Valid_Claim\374_v1.jpg
374,train,Valid,2,output\tm_dataset\train\Valid_Claim\374_v2.jpg
375,train,Valid,1,output\tm_dataset\train\Valid_Claim\375_v1.jpg
375,train,Valid,2,output\tm_dataset\train\Valid_Claim\375_v2.jpg
378,train,Invalid,1,output\tm_dataset\train\Invalid_Claim\378_v1.jpg
378,train,Invalid,2,output\tm_dataset\train\Invalid_Claim\378_v2.jpg
380,train,Valid,1,output\tm_dataset\train\Valid_Claim\380_v1.jpg
380,train,Valid,2,output\tm_dataset\train\Valid_Claim\380_v2.jpg
381,train,Invalid,1,output\tm_dataset\train\Invalid_Claim\381_v1.jpg
381,train,Invalid,2,output\tm_dataset\train\Invalid_Claim\381_v2.jpg
382,train,Invalid,1,output\tm_dataset\train\Invalid_Claim\382_v1.jpg
382,train,Invalid,2,output\tm_dataset\train\Invalid_Claim\382_v2.jpg
384,train,Manual Review,1,output\tm_dataset\train\Manual_Review\384_v1.jpg
384,train,Manual Review,2,output\tm_dataset\train\Manual_Review\384_v2.jpg
385,train,Manual Review,1,output\tm_dataset\train\Manual_Review\385_v1.jpg
385,train,Manual Review,2,output\tm_dataset\train\Manual_Review\385_v2.jpg
386,train,Manual Review,1,output\tm_dataset\train\Manual_Review\386_v1.jpg
386,train,Manual Review,2,output\tm_dataset\train\Manual_Review\386_v2.jpg
387,train,Manual Review,1,output\tm_dataset\train\Manual_Review\387_v1.jpg
387,train,Manual Review,2,output\tm_dataset\train\Manual_Review\387_v2.jpg
388,train,Valid,1,output\tm_dataset\train\Valid_Claim\388_v1.jpg
388,train,Valid,2,output\tm_dataset\train\Valid_Claim\388_v2.jpg
389,train,Manual Review,1,output\tm_dataset\train\Manual_Review\389_v1.jpg
389,train,Manual Review,2,output\tm_dataset\train\Manual_Review\389_v2.jpg
390,train,Manual Review,1,output\tm_dataset\train\Manual_Review\390_v1.jpg
390,train,Manual Review,2,output\tm_dataset\train\Manual_Review\390_v2.jpg
391,train,Manual Review,1,output\tm_dataset\train\Manual_Review\391_v1.jpg
391,train,Manual Review,2,output\tm_dataset\train\Manual_Review\391_v2.jpg
392,train,Invalid,1,output\tm_dataset\train\Invalid_Claim\392_v1.jpg
392,train,Invalid,2,output\tm_dataset\train\Invalid_Claim\392_v2.jpg
393,train,Valid,1,output\tm_dataset\train\Valid_Claim\393_v1.jpg
393,train,Valid,2,output\tm_dataset\train\Valid_Claim\393_v2.jpg
396,train,Manual Review,1,output\tm_dataset\train\Manual_Review\396_v1.jpg
396,train,Manual Review,2,output\tm_dataset\train\Manual_Review\396_v2.jpg
398,train,Valid,1,output\tm_dataset\train\Valid_Claim\398_v1.jpg
398,train,Valid,2,output\tm_dataset\train\Valid_Claim\398_v2.jpg
399,train,Invalid,1,output\tm_dataset\train\Invalid_Claim\399_v1.jpg
399,train,Invalid,2,output\tm_dataset\train\Invalid_Claim\399_v2.jpg
400,train,Invalid,1,output\tm_dataset\train\Invalid_Claim\400_v1.jpg
400,train,Invalid,2,output\tm_dataset\train\Invalid_Claim\400_v2.jpg
401,train,Valid,1,output\tm_dataset\train\Valid_Claim\401_v1.jpg
401,train,Valid,2,output\tm_dataset\train\Valid_Claim\401_v2.jpg
403,train,Invalid,1,output\tm_dataset\train\Invalid_Claim\403_v1.jpg
403,train,Invalid,2,output\tm_dataset\train\Invalid_Claim\403_v2.jpg
405,train,Manual Review,1,output\tm_dataset\train\Manual_Review\405_v1.jpg
405,train,Manual Review,2,output\tm_dataset\train\Manual_Review\405_v2.jpg
406,train,Invalid,1,output\tm_dataset\train\Invalid_Claim\406_v1.jpg
406,train,Invalid,2,output\tm_dataset\train\Invalid_Claim\406_v2.jpg
407,train,Valid,1,output\tm_dataset\train\Valid_Claim\407_v1.jpg
407,train,Valid,2,output\tm_dataset\train\Valid_Claim\407_v2.jpg
408,train,Manual Review,1,output\tm_dataset\train\Manual_Review\408_v1.jpg
408,train,Manual Review,2,output\tm_dataset\train\Manual_Review\408_v2.jpg
410,train,Valid,1,output\tm_dataset\train\Valid_Claim\410_v1.jpg
410,train,Valid,2,output\tm_dataset\train\Valid_Claim\410_v2.jpg
412,train,Manual Review,1,output\tm_dataset\train\Manual_Review\412_v1.jpg
412,train,Manual Review,2,output\tm_dataset\train\Manual_Review\412_v2.jpg
413,train,Valid,1,output\tm_dataset\train\Valid_Claim\413_v1.jpg
413,train,Valid,2,output\tm_dataset\train\Valid_Claim\413_v2.jpg
414,train,Invalid,1,output\tm_dataset\train\Invalid_Claim\414_v1.jpg
414,train,Invalid,2,output\tm_dataset\train\Invalid_Claim\414_v2.jpg
415,train,Invalid,1,output\tm_dataset\train\Invalid_Claim\415_v1.jpg
415,train,Invalid,2,output\tm_dataset\train\Invalid_Claim\415_v2.jpg
417,train,Invalid,1,output\tm_dataset\train\Invalid_Claim\417_v1.jpg
417,train,Invalid,2,output\tm_dataset\train\Invalid_Claim\417_v2.jpg
421,train,Invalid,1,output\tm_dataset\train\Invalid_Claim\421_v1.jpg
421,train,Invalid,2,output\tm_dataset\train\Invalid_Claim\421_v2.jpg
422,train,Invalid,1,output\tm_dataset\train\Invalid_Claim\422_v1.jpg
422,train,Invalid,2,output\tm_dataset\train\Invalid_Claim\422_v2.jpg
423,train,Manual Review,1,output\tm_dataset\train\Manual_Review\423_v1.jpg
423,train,Manual Review,2,output\tm_dataset\train\Manual_Review\423_v2.jpg
425,train,Manual Review,1,output\tm_dataset\train\Manual_Review\425_v1.jpg
425,train,Manual Review,2,output\tm_dataset\train\Manual_Review\425_v2.jpg
426,train,Valid,1,output\tm_dataset\train\Valid_Claim\426_v1.jpg
426,train,Valid,2,output\tm_dataset\train\Valid_Claim\426_v2.jpg
427,train,Invalid,1,output\tm_dataset\train\Invalid_Claim\427_v1.jpg
427,train,Invalid,2,output\tm_dataset\train\Invalid_Claim\427_v2.jpg
428,train,Invalid,1,output\tm_dataset\train\Invalid_Claim\428_v1.jpg
428,train,Invalid,2,output\tm_dataset\train\Invalid_Claim\428_v2.jpg
429,train,Invalid,1,output\tm_dataset\train\Invalid_Claim\429_v1.jpg
429,train,Invalid,2,output\tm_dataset\train\Invalid_Claim\429_v2.jpg
430,train,Manual Review,1,output\tm_dataset\train\Manual_Review\430_v1.jpg
430,train,Manual Review,2,output\tm_dataset\train\Manual_Review\430_v2.jpg
434,train,Manual Review,1,output\tm_dataset\train\Manual_Review\434_v1.jpg
434,train,Manual Review,2,output\tm_dataset\train\Manual_Review\434_v2.jpg
436,train,Invalid,1,output\tm_dataset\train\Invalid_Claim\436_v1.jpg
436,train,Invalid,2,output\tm_dataset\train\Invalid_Claim\436_v2.jpg
438,train,Invalid,1,output\tm_dataset\train\Invalid_Claim\438_v1.jpg
438,train,Invalid,2,output\tm_dataset\train\Invalid_Claim\438_v2.jpg
439,train,Valid,1,output\tm_dataset\train\Valid_Claim\439_v1.jpg
439,train,Valid,2,output\tm_dataset\train\Valid_Claim\439_v2.jpg
440,train,Invalid,1,output\tm_dataset\train\Invalid_Claim\440_v1.jpg
440,train,Invalid,2,output\tm_dataset\train\Invalid_Claim\440_v2.jpg
441,train,Invalid,1,output\tm_dataset\train\Invalid_Claim\441_v1.jpg
441,train,Invalid,2,output\tm_dataset\train\Invalid_Claim\441_v2.jpg
442,train,Invalid,1,output\tm_dataset\train\Invalid_Claim\442_v1.jpg
442,train,Invalid,2,output\tm_dataset\train\Invalid_Claim\442_v2.jpg
443,train,Manual Review,1,output\tm_dataset\train\Manual_Review\443_v1.jpg
443,train,Manual Review,2,output\tm_dataset\train\Manual_Review\443_v2.jpg
445,train,Manual Review,1,output\tm_dataset\train\Manual_Review\445_v1.jpg
445,train,Manual Review,2,output\tm_dataset\train\Manual_Review\445_v2.jpg
448,train,Invalid,1,output\tm_dataset\train\Invalid_Claim\448_v1.jpg
448,train,Invalid,2,output\tm_dataset\train\Invalid_Claim\448_v2.jpg
449,train,Invalid,1,output\tm_dataset\train\Invalid_Claim\449_v1.jpg
449,train,Invalid,2,output\tm_dataset\train\Invalid_Claim\449_v2.jpg
450,train,Invalid,1,output\tm_dataset\train\Invalid_Claim\450_v1.jpg
450,train,Invalid,2,output\tm_dataset\train\Invalid_Claim\450_v2.jpg
452,train,Valid,1,output\tm_dataset\train\Valid_Claim\452_v1.jpg
452,train,Valid,2,output\tm_dataset\train\Valid_Claim\452_v2.jpg
453,train,Valid,1,output\tm_dataset\train\Valid_Claim\453_v1.jpg
453,train,Valid,2,output\tm_dataset\train\Valid_Claim\453_v2.jpg
455,train,Valid,1,output\tm_dataset\train\Valid_Claim\455_v1.jpg
455,train,Valid,2,output\tm_dataset\train\Valid_Claim\455_v2.jpg
456,train,Manual Review,1,output\tm_dataset\train\Manual_Review\456_v1.jpg
456,train,Manual Review,2,output\tm_dataset\train\Manual_Review\456_v2.jpg
457,train,Valid,1,output\tm_dataset\train\Valid_Claim\457_v1.jpg
457,train,Valid,2,output\tm_dataset\train\Valid_Claim\457_v2.jpg
460,train,Valid,1,output\tm_dataset\train\Valid_Claim\460_v1.jpg
460,train,Valid,2,output\tm_dataset\train\Valid_Claim\460_v2.jpg
461,train,Valid,1,output\tm_dataset\train\Valid_Claim\461_v1.jpg
461,train,Valid,2,output\tm_dataset\train\Valid_Claim\461_v2.jpg
462,train,Manual Review,1,output\tm_dataset\train\Manual_Review\462_v1.jpg
462,train,Manual Review,2,output\tm_dataset\train\Manual_Review\462_v2.jpg
464,train,Valid,1,output\tm_dataset\train\Valid_Claim\464_v1.jpg
464,train,Valid,2,output\tm_dataset\train\Valid_Claim\464_v2.jpg
465,train,Invalid,1,output\tm_dataset\train\Invalid_Claim\465_v1.jpg
465,train,Invalid,2,output\tm_dataset\train\Invalid_Claim\465_v2.jpg
466,train,Invalid,1,output\tm_dataset\train\Invalid_Claim\466_v1.jpg
466,train,Invalid,2,output\tm_dataset\train\Invalid_Claim\466_v2.jpg
467,train,Manual Review,1,output\tm_dataset\train\Manual_Review\467_v1.jpg
467,train,Manual Review,2,output\tm_dataset\train\Manual_Review\467_v2.jpg
468,train,Invalid,1,output\tm_dataset\train\Invalid_Claim\468_v1.jpg
468,train,Invalid,2,output\tm_dataset\train\Invalid_Claim\468_v2.jpg
472,train,Invalid,1,output\tm_dataset\train\Invalid_Claim\472_v1.jpg
472,train,Invalid,2,output\tm_dataset\train\Invalid_Claim\472_v2.jpg
473,train,Invalid,1,output\tm_dataset\train\Invalid_Claim\473_v1.jpg
473,train,Invalid,2,output\tm_dataset\train\Invalid_Claim\473_v2.jpg
475,train,Manual Review,1,output\tm_dataset\train\Manual_Review\475_v1.jpg
475,train,Manual Review,2,output\tm_dataset\train\Manual_Review\475_v2.jpg
477,train,Valid,1,output\tm_dataset\train\Valid_Claim\477_v1.jpg
477,train,Valid,2,output\tm_dataset\train\Valid_Claim\477_v2.jpg
478,train,Valid,1,output\tm_dataset\train\Valid_Claim\478_v1.jpg
478,train,Valid,2,output\tm_dataset\train\Valid_Claim\478_v2.jpg
479,train,Valid,1,output\tm_dataset\train\Valid_Claim\479_v1.jpg
479,train,Valid,2,output\tm_dataset\train\Valid_Claim\479_v2.jpg
480,train,Manual Review,1,output\tm_dataset\train\Manual_Review\480_v1.jpg
480,train,Manual Review,2,output\tm_dataset\train\Manual_Review\480_v2.jpg
482,train,Manual Review,1,output\tm_dataset\train\Manual_Review\482_v1.jpg
482,train,Manual Review,2,output\tm_dataset\train\Manual_Review\482_v2.jpg
483,train,Manual Review,1,output\tm_dataset\train\Manual_Review\483_v1.jpg
483,train,Manual Review,2,output\tm_dataset\train\Manual_Review\483_v2.jpg
484,train,Manual Review,1,output\tm_dataset\train\Manual_Review\484_v1.jpg
484,train,Manual Review,2,output\tm_dataset\train\Manual_Review\484_v2.jpg
485,train,Invalid,1,output\tm_dataset\train\Invalid_Claim\485_v1.jpg
485,train,Invalid,2,output\tm_dataset\train\Invalid_Claim\485_v2.jpg
486,train,Manual Review,1,output\tm_dataset\train\Manual_Review\486_v1.jpg
486,train,Manual Review,2,output\tm_dataset\train\Manual_Review\486_v2.jpg
488,train,Manual Review,1,output\tm_dataset\train\Manual_Review\488_v1.jpg
488,train,Manual Review,2,output\tm_dataset\train\Manual_Review\488_v2.jpg
490,train,Valid,1,output\tm_dataset\train\Valid_Claim\490_v1.jpg
490,train,Valid,2,output\tm_dataset\train\Valid_Claim\490_v2.jpg
492,train,Valid,1,output\tm_dataset\train\Valid_Claim\492_v1.jpg
492,train,Valid,2,output\tm_dataset\train\Valid_Claim\492_v2.jpg
493,train,Manual Review,1,output\tm_dataset\train\Manual_Review\493_v1.jpg
493,train,Manual Review,2,output\tm_dataset\train\Manual_Review\493_v2.jpg
494,train,Invalid,1,output\tm_dataset\train\Invalid_Claim\494_v1.jpg
494,train,Invalid,2,output\tm_dataset\train\Invalid_Claim\494_v2.jpg
495,train,Invalid,1,output\tm_dataset\train\Invalid_Claim\495_v1.jpg
495,train,Invalid,2,output\tm_dataset\train\Invalid_Claim\495_v2.jpg
498,train,Valid,1,output\tm_dataset\train\Valid_Claim\498_v1.jpg
498,train,Valid,2,output\tm_dataset\train\Valid_Claim\498_v2.jpg
499,train,Invalid,1,output\tm_dataset\train\Invalid_Claim\499_v1.jpg
499,train,Invalid,2,output\tm_dataset\train\Invalid_Claim\499_v2.jpg
500,train,Valid,1,output\tm_dataset\train\Valid_Claim\500_v1.jpg
500,train,Valid,2,output\tm_dataset\train\Valid_Claim\500_v2.jpg
501,train,Manual Review,1,output\tm_dataset\train\Manual_Review\501_v1.jpg
501,train,Manual Review,2,output\tm_dataset\train\Manual_Review\501_v2.jpg
502,train,Invalid,1,output\tm_dataset\train\Invalid_Claim\502_v1.jpg
502,train,Invalid,2,output\tm_dataset\train\Invalid_Claim\502_v2.jpg
503,train,Invalid,1,output\tm_dataset\train\Invalid_Claim\503_v1.jpg
503,train,Invalid,2,output\tm_dataset\train\Invalid_Claim\503_v2.jpg
504,train,Valid,1,output\tm_dataset\train\Valid_Claim\504_v1.jpg
504,train,Valid,2,output\tm_dataset\train\Valid_Claim\504_v2.jpg
507,train,Manual Review,1,output\tm_dataset\train\Manual_Review\507_v1.jpg
507,train,Manual Review,2,output\tm_dataset\train\Manual_Review\507_v2.jpg
509,train,Valid,1,output\tm_dataset\train\Valid_Claim\509_v1.jpg
509,train,Valid,2,output\tm_dataset\train\Valid_Claim\509_v2.jpg
510,train,Manual Review,1,output\tm_dataset\train\Manual_Review\510_v1.jpg
510,train,Manual Review,2,output\tm_dataset\train\Manual_Review\510_v2.jpg
511,train,Invalid,1,output\tm_dataset\train\Invalid_Claim\511_v1.jpg
511,train,Invalid,2,output\tm_dataset\train\Invalid_Claim\511_v2.jpg
512,train,Valid,1,output\tm_dataset\train\Valid_Claim\512_v1.jpg
512,train,Valid,2,output\tm_dataset\train\Valid_Claim\512_v2.jpg
514,train,Manual Review,1,output\tm_dataset\train\Manual_Review\514_v1.jpg
514,train,Manual Review,2,output\tm_dataset\train\Manual_Review\514_v2.jpg
516,train,Manual Review,1,output\tm_dataset\train\Manual_Review\516_v1.jpg
516,train,Manual Review,2,output\tm_dataset\train\Manual_Review\516_v2.jpg
517,train,Invalid,1,output\tm_dataset\train\Invalid_Claim\517_v1.jpg
517,train,Invalid,2,output\tm_dataset\train\Invalid_Claim\517_v2.jpg
518,train,Valid,1,output\tm_dataset\train\Valid_Claim\518_v1.jpg
518,train,Valid,2,output\tm_dataset\train\Valid_Claim\518_v2.jpg
519,train,Valid,1,output\tm_dataset\train\Valid_Claim\519_v1.jpg
519,train,Valid,2,output\tm_dataset\train\Valid_Claim\519_v2.jpg
521,train,Manual Review,1,output\tm_dataset\train\Manual_Review\521_v1.jpg
521,train,Manual Review,2,output\tm_dataset\train\Manual_Review\521_v2.jpg
522,train,Manual Review,1,output\tm_dataset\train\Manual_Review\522_v1.jpg
522,train,Manual Review,2,output\tm_dataset\train\Manual_Review\522_v2.jpg
523,train,Manual Review,1,output\tm_dataset\train\Manual_Review\523_v1.jpg
523,train,Manual Review,2,output\tm_dataset\train\Manual_Review\523_v2.jpg
525,train,Manual Review,1,output\tm_dataset\train\Manual_Review\525_v1.jpg
525,train,Manual Review,2,output\tm_dataset\train\Manual_Review\525_v2.jpg
526,train,Valid,1,output\tm_dataset\train\Valid_Claim\526_v1.jpg
526,train,Valid,2,output\tm_dataset\train\Valid_Claim\526_v2.jpg
527,train,Manual Review,1,output\tm_dataset\train\Manual_Review\527_v1.jpg
527,train,Manual Review,2,output\tm_dataset\train\Manual_Review\527_v2.jpg
532,train,Valid,1,output\tm_dataset\train\Valid_Claim\532_v1.jpg
532,train,Valid,2,output\tm_dataset\train\Valid_Claim\532_v2.jpg
533,train,Invalid,1,output\tm_dataset\train\Invalid_Claim\533_v1.jpg
533,train,Invalid,2,output\tm_dataset\train\Invalid_Claim\533_v2.jpg
534,train,Invalid,1,output\tm_dataset\train\Invalid_Claim\534_v1.jpg
534,train,Invalid,2,output\tm_dataset\train\Invalid_Claim\534_v2.jpg
536,train,Invalid,1,output\tm_dataset\train\Invalid_Claim\536_v1.jpg
536,train,Invalid,2,output\tm_dataset\train\Invalid_Claim\536_v2.jpg
537,train,Manual Review,1,output\tm_dataset\train\Manual_Review\537_v1.jpg
537,train,Manual Review,2,output\tm_dataset\train\Manual_Review\537_v2.jpg
539,train,Manual Review,1,output\tm_dataset\train\Manual_Review\539_v1.jpg
539,train,Manual Review,2,output\tm_dataset\train\Manual_Review\539_v2.jpg
540,train,Invalid,1,output\tm_dataset\train\Invalid_Claim\540_v1.jpg
540,train,Invalid,2,output\tm_dataset\train\Invalid_Claim\540_v2.jpg
541,train,Invalid,1,output\tm_dataset\train\Invalid_Claim\541_v1.jpg
541,train,Invalid,2,output\tm_dataset\train\Invalid_Claim\541_v2.jpg
543,train,Valid,1,output\tm_dataset\train\Valid_Claim\543_v1.jpg
543,train,Valid,2,output\tm_dataset\train\Valid_Claim\543_v2.jpg
544,train,Invalid,1,output\tm_dataset\train\Invalid_Claim\544_v1.jpg
544,train,Invalid,2,output\tm_dataset\train\Invalid_Claim\544_v2.jpg
545,train,Invalid,1,output\tm_dataset\train\Invalid_Claim\545_v1.jpg
545,train,Invalid,2,output\tm_dataset\train\Invalid_Claim\545_v2.jpg
546,train,Valid,1,output\tm_dataset\train\Valid_Claim\546_v1.jpg
546,train,Valid,2,output\tm_dataset\train\Valid_Claim\546_v2.jpg
548,train,Manual Review,1,output\tm_dataset\train\Manual_Review\548_v1.jpg
548,train,Manual Review,2,output\tm_dataset\train\Manual_Review\548_v2.jpg
549,train,Valid,1,output\tm_dataset\train\Valid_Claim\549_v1.jpg
549,train,Valid,2,output\tm_dataset\train\Valid_Claim\549_v2.jpg
553,train,Manual Review,1,output\tm_dataset\train\Manual_Review\553_v1.jpg
553,train,Manual Review,2,output\tm_dataset\train\Manual_Review\553_v2.jpg
557,train,Valid,1,output\tm_dataset\train\Valid_Claim\557_v1.jpg
557,train,Valid,2,output\tm_dataset\train\Valid_Claim\557_v2.jpg
559,train,Manual Review,1,output\tm_dataset\train\Manual_Review\559_v1.jpg
559,train,Manual Review,2,output\tm_dataset\train\Manual_Review\559_v2.jpg
560,train,Manual Review,1,output\tm_dataset\train\Manual_Review\560_v1.jpg
560,train,Manual Review,2,output\tm_dataset\train\Manual_Review\560_v2.jpg
562,train,Valid,1,output\tm_dataset\train\Valid_Claim\562_v1.jpg
562,train,Valid,2,output\tm_dataset\train\Valid_Claim\562_v2.jpg
563,train,Manual Review,1,output\tm_dataset\train\Manual_Review\563_v1.jpg
563,train,Manual Review,2,output\tm_dataset\train\Manual_Review\563_v2.jpg
566,train,Invalid,1,output\tm_dataset\train\Invalid_Claim\566_v1.jpg
566,train,Invalid,2,output\tm_dataset\train\Invalid_Claim\566_v2.jpg
567,train,Manual Review,1,output\tm_dataset\train\Manual_Review\567_v1.jpg
567,train,Manual Review,2,output\tm_dataset\train\Manual_Review\567_v2.jpg
568,train,Manual Review,1,output\tm_dataset\train\Manual_Review\568_v1.jpg
568,train,Manual Review,2,output\tm_dataset\train\Manual_Review\568_v2.jpg
569,train,Manual Review,1,output\tm_dataset\train\Manual_Review\569_v1.jpg
569,train,Manual Review,2,output\tm_dataset\train\Manual_Review\569_v2.jpg
570,train,Valid,1,output\tm_dataset\train\Valid_Claim\570_v1.jpg
570,train,Valid,2,output\tm_dataset\train\Valid_Claim\570_v2.jpg
571,train,Valid,1,output\tm_dataset\train\Valid_Claim\571_v1.jpg
571,train,Valid,2,output\tm_dataset\train\Valid_Claim\571_v2.jpg
572,train,Invalid,1,output\tm_dataset\train\Invalid_Claim\572_v1.jpg
572,train,Invalid,2,output\tm_dataset\train\Invalid_Claim\572_v2.jpg
574,train,Invalid,1,output\tm_dataset\train\Invalid_Claim\574_v1.jpg
574,train,Invalid,2,output\tm_dataset\train\Invalid_Claim\574_v2.jpg
575,train,Manual Review,1,output\tm_dataset\train\Manual_Review\575_v1.jpg
575,train,Manual Review,2,output\tm_dataset\train\Manual_Review\575_v2.jpg
577,train,Valid,1,output\tm_dataset\train\Valid_Claim\577_v1.jpg
577,train,Valid,2,output\tm_dataset\train\Valid_Claim\577_v2.jpg
578,train,Invalid,1,output\tm_dataset\train\Invalid_Claim\578_v1.jpg
578,train,Invalid,2,output\tm_dataset\train\Invalid_Claim\578_v2.jpg
579,train,Valid,1,output\tm_dataset\train\Valid_Claim\579_v1.jpg
579,train,Valid,2,output\tm_dataset\train\Valid_Claim\579_v2.jpg
580,train,Manual Review,1,output\tm_dataset\train\Manual_Review\580_v1.jpg
580,train,Manual Review,2,output\tm_dataset\train\Manual_Review\580_v2.jpg
581,train,Manual Review,1,output\tm_dataset\train\Manual_Review\581_v1.jpg
581,train,Manual Review,2,output\tm_dataset\train\Manual_Review\581_v2.jpg
582,train,Valid,1,output\tm_dataset\train\Valid_Claim\582_v1.jpg
582,train,Valid,2,output\tm_dataset\train\Valid_Claim\582_v2.jpg
583,train,Valid,1,output\tm_dataset\train\Valid_Claim\583_v1.jpg
583,train,Valid,2,output\tm_dataset\train\Valid_Claim\583_v2.jpg
584,train,Valid,1,output\tm_dataset\train\Valid_Claim\584_v1.jpg
584,train,Valid,2,output\tm_dataset\train\Valid_Claim\584_v2.jpg
585,train,Valid,1,output\tm_dataset\train\Valid_Claim\585_v1.jpg
585,train,Valid,2,output\tm_dataset\train\Valid_Claim\585_v2.jpg
586,train,Invalid,1,output\tm_dataset\train\Invalid_Claim\586_v1.jpg
586,train,Invalid,2,output\tm_dataset\train\Invalid_Claim\586_v2.jpg
587,train,Manual Review,1,output\tm_dataset\train\Manual_Review\587_v1.jpg
587,train,Manual Review,2,output\tm_dataset\train\Manual_Review\587_v2.jpg
588,train,Invalid,1,output\tm_dataset\train\Invalid_Claim\588_v1.jpg
588,train,Invalid,2,output\tm_dataset\train\Invalid_Claim\588_v2.jpg
589,train,Manual Review,1,output\tm_dataset\train\Manual_Review\589_v1.jpg
589,train,Manual Review,2,output\tm_dataset\train\Manual_Review\589_v2.jpg
590,train,Manual Review,1,output\tm_dataset\train\Manual_Review\590_v1.jpg
590,train,Manual Review,2,output\tm_dataset\train\Manual_Review\590_v2.jpg
591,train,Invalid,1,output\tm_dataset\train\Invalid_Claim\591_v1.jpg
591,train,Invalid,2,output\tm_dataset\train\Invalid_Claim\591_v2.jpg
592,train,Invalid,1,output\tm_dataset\train\Invalid_Claim\592_v1.jpg
592,train,Invalid,2,output\tm_dataset\train\Invalid_Claim\592_v2.jpg
593,train,Manual Review,1,output\tm_dataset\train\Manual_Review\593_v1.jpg
593,train,Manual Review,2,output\tm_dataset\train\Manual_Review\593_v2.jpg
594,train,Manual Review,1,output\tm_dataset\train\Manual_Review\594_v1.jpg
594,train,Manual Review,2,output\tm_dataset\train\Manual_Review\594_v2.jpg
595,train,Manual Review,1,output\tm_dataset\train\Manual_Review\595_v1.jpg
595,train,Manual Review,2,output\tm_dataset\train\Manual_Review\595_v2.jpg
598,train,Manual Review,1,output\tm_dataset\train\Manual_Review\598_v1.jpg
598,train,Manual Review,2,output\tm_dataset\train\Manual_Review\598_v2.jpg
599,train,Manual Review,1,output\tm_dataset\train\Manual_Review\599_v1.jpg
599,train,Manual Review,2,output\tm_dataset\train\Manual_Review\599_v2.jpg
600,train,Manual Review,1,output\tm_dataset\train\Manual_Review\600_v1.jpg
600,train,Manual Review,2,output\tm_dataset\train\Manual_Review\600_v2.jpg
601,train,Valid,1,output\tm_dataset\train\Valid_Claim\601_v1.jpg
601,train,Valid,2,output\tm_dataset\train\Valid_Claim\601_v2.jpg
603,train,Valid,1,output\tm_dataset\train\Valid_Claim\603_v1.jpg
603,train,Valid,2,output\tm_dataset\train\Valid_Claim\603_v2.jpg
604,train,Valid,1,output\tm_dataset\train\Valid_Claim\604_v1.jpg
604,train,Valid,2,output\tm_dataset\train\Valid_Claim\604_v2.jpg
605,train,Invalid,1,output\tm_dataset\train\Invalid_Claim\605_v1.jpg
605,train,Invalid,2,output\tm_dataset\train\Invalid_Claim\605_v2.jpg
606,train,Invalid,1,output\tm_dataset\train\Invalid_Claim\606_v1.jpg
606,train,Invalid,2,output\tm_dataset\train\Invalid_Claim\606_v2.jpg
607,train,Manual Review,1,output\tm_dataset\train\Manual_Review\607_v1.jpg
607,train,Manual Review,2,output\tm_dataset\train\Manual_Review\607_v2.jpg
608,train,Invalid,1,output\tm_dataset\train\Invalid_Claim\608_v1.jpg
608,train,Invalid,2,output\tm_dataset\train\Invalid_Claim\608_v2.jpg
610,train,Valid,1,output\tm_dataset\train\Valid_Claim\610_v1.jpg
610,train,Valid,2,output\tm_dataset\train\Valid_Claim\610_v2.jpg
611,train,Manual Review,1,output\tm_dataset\train\Manual_Review\611_v1.jpg
611,train,Manual Review,2,output\tm_dataset\train\Manual_Review\611_v2.jpg
612,train,Manual Review,1,output\tm_dataset\train\Manual_Review\612_v1.jpg
612,train,Manual Review,2,output\tm_dataset\train\Manual_Review\612_v2.jpg
613,train,Valid,1,output\tm_dataset\train\Valid_Claim\613_v1.jpg
613,train,Valid,2,output\tm_dataset\train\Valid_Claim\613_v2.jpg
614,train,Manual Review,1,output\tm_dataset\train\Manual_Review\614_v1.jpg
614,train,Manual Review,2,output\tm_dataset\train\Manual_Review\614_v2.jpg
615,train,Invalid,1,output\tm_dataset\train\Invalid_Claim\615_v1.jpg
615,train,Invalid,2,output\tm_dataset\train\Invalid_Claim\615_v2.jpg
618,train,Manual Review,1,output\tm_dataset\train\Manual_Review\618_v1.jpg
618,train,Manual Review,2,output\tm_dataset\train\Manual_Review\618_v2.jpg
619,train,Invalid,1,output\tm_dataset\train\Invalid_Claim\619_v1.jpg
619,train,Invalid,2,output\tm_dataset\train\Invalid_Claim\619_v2.jpg
620,train,Invalid,1,output\tm_dataset\train\Invalid_Claim\620_v1.jpg
620,train,Invalid,2,output\tm_dataset\train\Invalid_Claim\620_v2.jpg
621,train,Valid,1,output\tm_dataset\train\Valid_Claim\621_v1.jpg
621,train,Valid,2,output\tm_dataset\train\Valid_Claim\621_v2.jpg
623,train,Valid,1,output\tm_dataset\train\Valid_Claim\623_v1.jpg
623,train,Valid,2,output\tm_dataset\train\Valid_Claim\623_v2.jpg
624,train,Invalid,1,output\tm_dataset\train\Invalid_Claim\624_v1.jpg
624,train,Invalid,2,output\tm_dataset\train\Invalid_Claim\624_v2.jpg
625,train,Valid,1,output\tm_dataset\train\Valid_Claim\625_v1.jpg
625,train,Valid,2,output\tm_dataset\train\Valid_Claim\625_v2.jpg
626,train,Invalid,1,output\tm_dataset\train\Invalid_Claim\626_v1.jpg
626,train,Invalid,2,output\tm_dataset\train\Invalid_Claim\626_v2.jpg
627,train,Valid,1,output\tm_dataset\train\Valid_Claim\627_v1.jpg
627,train,Valid,2,output\tm_dataset\train\Valid_Claim\627_v2.jpg
633,train,Manual Review,1,output\tm_dataset\train\Manual_Review\633_v1.jpg
633,train,Manual Review,2,output\tm_dataset\train\Manual_Review\633_v2.jpg
635,train,Valid,1,output\tm_dataset\train\Valid_Claim\635_v1.jpg
635,train,Valid,2,output\tm_dataset\train\Valid_Claim\635_v2.jpg
636,train,Manual Review,1,output\tm_dataset\train\Manual_Review\636_v1.jpg
636,train,Manual Review,2,output\tm_dataset\train\Manual_Review\636_v2.jpg
637,train,Manual Review,1,output\tm_dataset\train\Manual_Review\637_v1.jpg
637,train,Manual Review,2,output\tm_dataset\train\Manual_Review\637_v2.jpg
639,train,Manual Review,1,output\tm_dataset\train\Manual_Review\639_v1.jpg
639,train,Manual Review,2,output\tm_dataset\train\Manual_Review\639_v2.jpg
640,train,Valid,1,output\tm_dataset\train\Valid_Claim\640_v1.jpg
640,train,Valid,2,output\tm_dataset\train\Valid_Claim\640_v2.jpg
642,train,Valid,1,output\tm_dataset\train\Valid_Claim\642_v1.jpg
642,train,Valid,2,output\tm_dataset\train\Valid_Claim\642_v2.jpg
643,train,Valid,1,output\tm_dataset\train\Valid_Claim\643_v1.jpg
643,train,Valid,2,output\tm_dataset\train\Valid_Claim\643_v2.jpg
644,train,Valid,1,output\tm_dataset\train\Valid_Claim\644_v1.jpg
644,train,Valid,2,output\tm_dataset\train\Valid_Claim\644_v2.jpg
645,train,Manual Review,1,output\tm_dataset\train\Manual_Review\645_v1.jpg
645,train,Manual Review,2,output\tm_dataset\train\Manual_Review\645_v2.jpg
646,train,Valid,1,output\tm_dataset\train\Valid_Claim\646_v1.jpg
646,train,Valid,2,output\tm_dataset\train\Valid_Claim\646_v2.jpg
649,train,Invalid,1,output\tm_dataset\train\Invalid_Claim\649_v1.jpg
649,train,Invalid,2,output\tm_dataset\train\Invalid_Claim\649_v2.jpg
650,train,Invalid,1,output\tm_dataset\train\Invalid_Claim\650_v1.jpg
650,train,Invalid,2,output\tm_dataset\train\Invalid_Claim\650_v2.jpg
652,train,Valid,1,output\tm_dataset\train\Valid_Claim\652_v1.jpg
652,train,Valid,2,output\tm_dataset\train\Valid_Claim\652_v2.jpg
653,train,Valid,1,output\tm_dataset\train\Valid_Claim\653_v1.jpg
653,train,Valid,2,output\tm_dataset\train\Valid_Claim\653_v2.jpg
654,train,Manual Review,1,output\tm_dataset\train\Manual_Review\654_v1.jpg
654,train,Manual Review,2,output\tm_dataset\train\Manual_Review\654_v2.jpg
655,train,Invalid,1,output\tm_dataset\train\Invalid_Claim\655_v1.jpg
655,train,Invalid,2,output\tm_dataset\train\Invalid_Claim\655_v2.jpg
656,train,Manual Review,1,output\tm_dataset\train\Manual_Review\656_v1.jpg
656,train,Manual Review,2,output\tm_dataset\train\Manual_Review\656_v2.jpg
657,train,Invalid,1,output\tm_dataset\train\Invalid_Claim\657_v1.jpg
657,train,Invalid,2,output\tm_dataset\train\Invalid_Claim\657_v2.jpg
658,train,Invalid,1,output\tm_dataset\train\Invalid_Claim\658_v1.jpg
658,train,Invalid,2,output\tm_dataset\train\Invalid_Claim\658_v2.jpg
660,train,Valid,1,output\tm_dataset\train\Valid_Claim\660_v1.jpg
660,train,Valid,2,output\tm_dataset\train\Valid_Claim\660_v2.jpg
661,train,Valid,1,output\tm_dataset\train\Valid_Claim\661_v1.jpg
661,train,Valid,2,output\tm_dataset\train\Valid_Claim\661_v2.jpg
662,train,Manual Review,1,output\tm_dataset\train\Manual_Review\662_v1.jpg
662,train,Manual Review,2,output\tm_dataset\train\Manual_Review\662_v2.jpg
664,train,Manual Review,1,output\tm_dataset\train\Manual_Review\664_v1.jpg
664,train,Manual Review,2,output\tm_dataset\train\Manual_Review\664_v2.jpg
667,train,Invalid,1,output\tm_dataset\train\Invalid_Claim\667_v1.jpg
667,train,Invalid,2,output\tm_dataset\train\Invalid_Claim\667_v2.jpg
668,train,Valid,1,output\tm_dataset\train\Valid_Claim\668_v1.jpg
668,train,Valid,2,output\tm_dataset\train\Valid_Claim\668_v2.jpg
669,train,Valid,1,output\tm_dataset\train\Valid_Claim\669_v1.jpg
669,train,Valid,2,output\tm_dataset\train\Valid_Claim\669_v2.jpg
670,train,Invalid,1,output\tm_dataset\train\Invalid_Claim\670_v1.jpg
670,train,Invalid,2,output\tm_dataset\train\Invalid_Claim\670_v2.jpg
671,train,Manual Review,1,output\tm_dataset\train\Manual_Review\671_v1.jpg
671,train,Manual Review,2,output\tm_dataset\train\Manual_Review\671_v2.jpg
672,train,Manual Review,1,output\tm_dataset\train\Manual_Review\672_v1.jpg
672,train,Manual Review,2,output\tm_dataset\train\Manual_Review\672_v2.jpg
673,train,Invalid,1,output\tm_dataset\train\Invalid_Claim\673_v1.jpg
673,train,Invalid,2,output\tm_dataset\train\Invalid_Claim\673_v2.jpg
675,train,Valid,1,output\tm_dataset\train\Valid_Claim\675_v1.jpg
675,train,Valid,2,output\tm_dataset\train\Valid_Claim\675_v2.jpg
677,train,Valid,1,output\tm_dataset\train\Valid_Claim\677_v1.jpg
677,train,Valid,2,output\tm_dataset\train\Valid_Claim\677_v2.jpg
678,train,Valid,1,output\tm_dataset\train\Valid_Claim\678_v1.jpg
678,train,Valid,2,output\tm_dataset\train\Valid_Claim\678_v2.jpg
680,train,Manual Review,1,output\tm_dataset\train\Manual_Review\680_v1.jpg
680,train,Manual Review,2,output\tm_dataset\train\Manual_Review\680_v2.jpg
682,train,Manual Review,1,output\tm_dataset\train\Manual_Review\682_v1.jpg
682,train,Manual Review,2,output\tm_dataset\train\Manual_Review\682_v2.jpg
683,train,Manual Review,1,output\tm_dataset\train\Manual_Review\683_v1.jpg
683,train,Manual Review,2,output\tm_dataset\train\Manual_Review\683_v2.jpg
684,train,Invalid,1,output\tm_dataset\train\Invalid_Claim\684_v1.jpg
684,train,Invalid,2,output\tm_dataset\train\Invalid_Claim\684_v2.jpg
685,train,Valid,1,output\tm_dataset\train\Valid_Claim\685_v1.jpg
685,train,Valid,2,output\tm_dataset\train\Valid_Claim\685_v2.jpg
686,train,Invalid,1,output\tm_dataset\train\Invalid_Claim\686_v1.jpg
686,train,Invalid,2,output\tm_dataset\train\Invalid_Claim\686_v2.jpg
687,train,Invalid,1,output\tm_dataset\train\Invalid_Claim\687_v1.jpg
687,train,Invalid,2,output\tm_dataset\train\Invalid_Claim\687_v2.jpg
688,train,Manual Review,1,output\tm_dataset\train\Manual_Review\688_v1.jpg
688,train,Manual Review,2,output\tm_dataset\train\Manual_Review\688_v2.jpg
691,train,Manual Review,1,output\tm_dataset\train\Manual_Review\691_v1.jpg
691,train,Manual Review,2,output\tm_dataset\train\Manual_Review\691_v2.jpg
692,train,Manual Review,1,output\tm_dataset\train\Manual_Review\692_v1.jpg
692,train,Manual Review,2,output\tm_dataset\train\Manual_Review\692_v2.jpg
693,train,Invalid,1,output\tm_dataset\train\Invalid_Claim\693_v1.jpg
693,train,Invalid,2,output\tm_dataset\train\Invalid_Claim\693_v2.jpg
694,train,Invalid,1,output\tm_dataset\train\Invalid_Claim\694_v1.jpg
694,train,Invalid,2,output\tm_dataset\train\Invalid_Claim\694_v2.jpg
695,train,Invalid,1,output\tm_dataset\train\Invalid_Claim\695_v1.jpg
695,train,Invalid,2,output\tm_dataset\train\Invalid_Claim\695_v2.jpg
696,train,Valid,1,output\tm_dataset\train\Valid_Claim\696_v1.jpg
696,train,Valid,2,output\tm_dataset\train\Valid_Claim\696_v2.jpg
697,train,Valid,1,output\tm_dataset\train\Valid_Claim\697_v1.jpg
697,train,Valid,2,output\tm_dataset\train\Valid_Claim\697_v2.jpg
699,train,Manual Review,1,output\tm_dataset\train\Manual_Review\699_v1.jpg
699,train,Manual Review,2,output\tm_dataset\train\Manual_Review\699_v2.jpg
700,train,Valid,1,output\tm_dataset\train\Valid_Claim\700_v1.jpg
700,train,Valid,2,output\tm_dataset\train\Valid_Claim\700_v2.jpg
701,train,Invalid,1,output\tm_dataset\train\Invalid_Claim\701_v1.jpg
701,train,Invalid,2,output\tm_dataset\train\Invalid_Claim\701_v2.jpg
703,train,Manual Review,1,output\tm_dataset\train\Manual_Review\703_v1.jpg
703,train,Manual Review,2,output\tm_dataset\train\Manual_Review\703_v2.jpg
704,train,Manual Review,1,output\tm_dataset\train\Manual_Review\704_v1.jpg
704,train,Manual Review,2,output\tm_dataset\train\Manual_Review\704_v2.jpg
705,train,Manual Review,1,output\tm_dataset\train\Manual_Review\705_v1.jpg
705,train,Manual Review,2,output\tm_dataset\train\Manual_Review\705_v2.jpg
707,train,Invalid,1,output\tm_dataset\train\Invalid_Claim\707_v1.jpg
707,train,Invalid,2,output\tm_dataset\train\Invalid_Claim\707_v2.jpg
709,train,Valid,1,output\tm_dataset\train\Valid_Claim\709_v1.jpg
709,train,Valid,2,output\tm_dataset\train\Valid_Claim\709_v2.jpg
711,train,Invalid,1,output\tm_dataset\train\Invalid_Claim\711_v1.jpg
711,train,Invalid,2,output\tm_dataset\train\Invalid_Claim\711_v2.jpg
712,train,Valid,1,output\tm_dataset\train\Valid_Claim\712_v1.jpg
712,train,Valid,2,output\tm_dataset\train\Valid_Claim\712_v2.jpg
713,train,Invalid,1,output\tm_dataset\train\Invalid_Claim\713_v1.jpg
713,train,Invalid,2,output\tm_dataset\train\Invalid_Claim\713_v2.jpg
714,train,Valid,1,output\tm_dataset\train\Valid_Claim\714_v1.jpg
714,train,Valid,2,output\tm_dataset\train\Valid_Claim\714_v2.jpg
715,train,Manual Review,1,output\tm_dataset\train\Manual_Review\715_v1.jpg
715,train,Manual Review,2,output\tm_dataset\train\Manual_Review\715_v2.jpg
716,train,Invalid,1,output\tm_dataset\train\Invalid_Claim\716_v1.jpg
716,train,Invalid,2,output\tm_dataset\train\Invalid_Claim\716_v2.jpg
720,train,Manual Review,1,output\tm_dataset\train\Manual_Review\720_v1.jpg
720,train,Manual Review,2,output\tm_dataset\train\Manual_Review\720_v2.jpg
722,train,Valid,1,output\tm_dataset\train\Valid_Claim\722_v1.jpg
722,train,Valid,2,output\tm_dataset\train\Valid_Claim\722_v2.jpg
724,train,Invalid,1,output\tm_dataset\train\Invalid_Claim\724_v1.jpg
724,train,Invalid,2,output\tm_dataset\train\Invalid_Claim\724_v2.jpg
725,train,Valid,1,output\tm_dataset\train\Valid_Claim\725_v1.jpg
725,train,Valid,2,output\tm_dataset\train\Valid_Claim\725_v2.jpg
726,train,Valid,1,output\tm_dataset\train\Valid_Claim\726_v1.jpg
726,train,Valid,2,output\tm_dataset\train\Valid_Claim\726_v2.jpg
727,train,Manual Review,1,output\tm_dataset\train\Manual_Review\727_v1.jpg
727,train,Manual Review,2,output\tm_dataset\train\Manual_Review\727_v2.jpg
728,train,Valid,1,output\tm_dataset\train\Valid_Claim\728_v1.jpg
728,train,Valid,2,output\tm_dataset\train\Valid_Claim\728_v2.jpg
729,train,Manual Review,1,output\tm_dataset\train\Manual_Review\729_v1.jpg
729,train,Manual Review,2,output\tm_dataset\train\Manual_Review\729_v2.jpg
730,train,Valid,1,output\tm_dataset\train\Valid_Claim\730_v1.jpg
730,train,Valid,2,output\tm_dataset\train\Valid_Claim\730_v2.jpg
733,train,Manual Review,1,output\tm_dataset\train\Manual_Review\733_v1.jpg
733,train,Manual Review,2,output\tm_dataset\train\Manual_Review\733_v2.jpg
734,train,Invalid,1,output\tm_dataset\train\Invalid_Claim\734_v1.jpg
734,train,Invalid,2,output\tm_dataset\train\Invalid_Claim\734_v2.jpg
735,train,Invalid,1,output\tm_dataset\train\Invalid_Claim\735_v1.jpg
735,train,Invalid,2,output\tm_dataset\train\Invalid_Claim\735_v2.jpg
736,train,Manual Review,1,output\tm_dataset\train\Manual_Review\736_v1.jpg
736,train,Manual Review,2,output\tm_dataset\train\Manual_Review\736_v2.jpg
738,train,Invalid,1,output\tm_dataset\train\Invalid_Claim\738_v1.jpg
738,train,Invalid,2,output\tm_dataset\train\Invalid_Claim\738_v2.jpg
739,train,Manual Review,1,output\tm_dataset\train\Manual_Review\739_v1.jpg
739,train,Manual Review,2,output\tm_dataset\train\Manual_Review\739_v2.jpg
742,train,Invalid,1,output\tm_dataset\train\Invalid_Claim\742_v1.jpg
742,train,Invalid,2,output\tm_dataset\train\Invalid_Claim\742_v2.jpg
743,train,Manual Review,1,output\tm_dataset\train\Manual_Review\743_v1.jpg
743,train,Manual Review,2,output\tm_dataset\train\Manual_Review\743_v2.jpg
745,train,Invalid,1,output\tm_dataset\train\Invalid_Claim\745_v1.jpg
745,train,Invalid,2,output\tm_dataset\train\Invalid_Claim\745_v2.jpg
746,train,Manual Review,1,output\tm_dataset\train\Manual_Review\746_v1.jpg
746,train,Manual Review,2,output\tm_dataset\train\Manual_Review\746_v2.jpg
747,train,Manual Review,1,output\tm_dataset\train\Manual_Review\747_v1.jpg
747,train,Manual Review,2,output\tm_dataset\train\Manual_Review\747_v2.jpg
748,train,Manual Review,1,output\tm_dataset\train\Manual_Review\748_v1.jpg
748,train,Manual Review,2,output\tm_dataset\train\Manual_Review\748_v2.jpg
749,train,Valid,1,output\tm_dataset\train\Valid_Claim\749_v1.jpg
749,train,Valid,2,output\tm_dataset\train\Valid_Claim\749_v2.jpg
750,train,Invalid,1,output\tm_dataset\train\Invalid_Claim\750_v1.jpg
750,train,Invalid,2,output\tm_dataset\train\Invalid_Claim\750_v2.jpg
751,train,Invalid,1,output\tm_dataset\train\Invalid_Claim\751_v1.jpg
751,train,Invalid,2,output\tm_dataset\train\Invalid_Claim\751_v2.jpg
752,train,Manual Review,1,output\tm_dataset\train\Manual_Review\752_v1.jpg
752,train,Manual Review,2,output\tm_dataset\train\Manual_Review\752_v2.jpg
753,train,Valid,1,output\tm_dataset\train\Valid_Claim\753_v1.jpg
753,train,Valid,2,output\tm_dataset\train\Valid_Claim\753_v2.jpg
756,train,Valid,1,output\tm_dataset\train\Valid_Claim\756_v1.jpg
756,train,Valid,2,output\tm_dataset\train\Valid_Claim\756_v2.jpg
758,train,Valid,1,output\tm_dataset\train\Valid_Claim\758_v1.jpg
758,train,Valid,2,output\tm_dataset\train\Valid_Claim\758_v2.jpg
759,train,Invalid,1,output\tm_dataset\train\Invalid_Claim\759_v1.jpg
759,train,Invalid,2,output\tm_dataset\train\Invalid_Claim\759_v2.jpg
760,train,Valid,1,output\tm_dataset\train\Valid_Claim\760_v1.jpg
760,train,Valid,2,output\tm_dataset\train\Valid_Claim\760_v2.jpg
762,train,Valid,1,output\tm_dataset\train\Valid_Claim\762_v1.jpg
762,train,Valid,2,output\tm_dataset\train\Valid_Claim\762_v2.jpg
763,train,Valid,1,output\tm_dataset\train\Valid_Claim\763_v1.jpg
763,train,Valid,2,output\tm_dataset\train\Valid_Claim\763_v2.jpg
765,train,Manual Review,1,output\tm_dataset\train\Manual_Review\765_v1.jpg
765,train,Manual Review,2,output\tm_dataset\train\Manual_Review\765_v2.jpg
766,train,Manual Review,1,output\tm_dataset\train\Manual_Review\766_v1.jpg
766,train,Manual Review,2,output\tm_dataset\train\Manual_Review\766_v2.jpg
768,train,Valid,1,output\tm_dataset\train\Valid_Claim\768_v1.jpg
768,train,Valid,2,output\tm_dataset\train\Valid_Claim\768_v2.jpg
769,train,Valid,1,output\tm_dataset\train\Valid_Claim\769_v1.jpg
769,train,Valid,2,output\tm_dataset\train\Valid_Claim\769_v2.jpg
770,train,Valid,1,output\tm_dataset\train\Valid_Claim\770_v1.jpg
770,train,Valid,2,output\tm_dataset\train\Valid_Claim\770_v2.jpg
771,train,Invalid,1,output\tm_dataset\train\Invalid_Claim\771_v1.jpg
771,train,Invalid,2,output\tm_dataset\train\Invalid_Claim\771_v2.jpg
772,train,Manual Review,1,output\tm_dataset\train\Manual_Review\772_v1.jpg
772,train,Manual Review,2,output\tm_dataset\train\Manual_Review\772_v2.jpg
774,train,Manual Review,1,output\tm_dataset\train\Manual_Review\774_v1.jpg
774,train,Manual Review,2,output\tm_dataset\train\Manual_Review\774_v2.jpg
775,train,Valid,1,output\tm_dataset\train\Valid_Claim\775_v1.jpg
775,train,Valid,2,output\tm_dataset\train\Valid_Claim\775_v2.jpg
777,train,Invalid,1,output\tm_dataset\train\Invalid_Claim\777_v1.jpg
777,train,Invalid,2,output\tm_dataset\train\Invalid_Claim\777_v2.jpg
778,train,Valid,1,output\tm_dataset\train\Valid_Claim\778_v1.jpg
778,train,Valid,2,output\tm_dataset\train\Valid_Claim\778_v2.jpg
780,train,Valid,1,output\tm_dataset\train\Valid_Claim\780_v1.jpg
780,train,Valid,2,output\tm_dataset\train\Valid_Claim\780_v2.jpg
781,train,Valid,1,output\tm_dataset\train\Valid_Claim\781_v1.jpg
781,train,Valid,2,output\tm_dataset\train\Valid_Claim\781_v2.jpg
782,train,Valid,1,output\tm_dataset\train\Valid_Claim\782_v1.jpg
782,train,Valid,2,output\tm_dataset\train\Valid_Claim\782_v2.jpg
784,train,Valid,1,output\tm_dataset\train\Valid_Claim\784_v1.jpg
784,train,Valid,2,output\tm_dataset\train\Valid_Claim\784_v2.jpg
785,train,Manual Review,1,output\tm_dataset\train\Manual_Review\785_v1.jpg
785,train,Manual Review,2,output\tm_dataset\train\Manual_Review\785_v2.jpg
787,train,Manual Review,1,output\tm_dataset\train\Manual_Review\787_v1.jpg
787,train,Manual Review,2,output\tm_dataset\train\Manual_Review\787_v2.jpg
788,train,Valid,1,output\tm_dataset\train\Valid_Claim\788_v1.jpg
788,train,Valid,2,output\tm_dataset\train\Valid_Claim\788_v2.jpg
789,train,Valid,1,output\tm_dataset\train\Valid_Claim\789_v1.jpg
789,train,Valid,2,output\tm_dataset\train\Valid_Claim\789_v2.jpg
790,train,Valid,1,output\tm_dataset\train\Valid_Claim\790_v1.jpg
790,train,Valid,2,output\tm_dataset\train\Valid_Claim\790_v2.jpg
791,train,Valid,1,output\tm_dataset\train\Valid_Claim\791_v1.jpg
791,train,Valid,2,output\tm_dataset\train\Valid_Claim\791_v2.jpg
794,train,Valid,1,output\tm_dataset\train\Valid_Claim\794_v1.jpg
794,train,Valid,2,output\tm_dataset\train\Valid_Claim\794_v2.jpg
795,train,Invalid,1,output\tm_dataset\train\Invalid_Claim\795_v1.jpg
795,train,Invalid,2,output\tm_dataset\train\Invalid_Claim\795_v2.jpg
797,train,Valid,1,output\tm_dataset\train\Valid_Claim\797_v1.jpg
797,train,Valid,2,output\tm_dataset\train\Valid_Claim\797_v2.jpg
798,train,Manual Review,1,output\tm_dataset\train\Manual_Review\798_v1.jpg
798,train,Manual Review,2,output\tm_dataset\train\Manual_Review\798_v2.jpg
799,train,Manual Review,1,output\tm_dataset\train\Manual_Review\799_v1.jpg
799,train,Manual Review,2,output\tm_dataset\train\Manual_Review\799_v2.jpg
800,train,Valid,1,output\tm_dataset\train\Valid_Claim\800_v1.jpg
800,train,Valid,2,output\tm_dataset\train\Valid_Claim\800_v2.jpg
801,train,Valid,1,output\tm_dataset\train\Valid_Claim\801_v1.jpg
801,train,Valid,2,output\tm_dataset\train\Valid_Claim\801_v2.jpg
803,train,Valid,1,output\tm_dataset\train\Valid_Claim\803_v1.jpg
803,train,Valid,2,output\tm_dataset\train\Valid_Claim\803_v2.jpg
804,train,Manual Review,1,output\tm_dataset\train\Manual_Review\804_v1.jpg
804,train,Manual Review,2,output\tm_dataset\train\Manual_Review\804_v2.jpg
807,train,Invalid,1,output\tm_dataset\train\Invalid_Claim\807_v1.jpg
807,train,Invalid,2,output\tm_dataset\train\Invalid_Claim\807_v2.jpg
808,train,Valid,1,output\tm_dataset\train\Valid_Claim\808_v1.jpg
808,train,Valid,2,output\tm_dataset\train\Valid_Claim\808_v2.jpg
809,train,Valid,1,output\tm_dataset\train\Valid_Claim\809_v1.jpg
809,train,Valid,2,output\tm_dataset\train\Valid_Claim\809_v2.jpg
811,train,Manual Review,1,output\tm_dataset\train\Manual_Review\811_v1.jpg
811,train,Manual Review,2,output\tm_dataset\train\Manual_Review\811_v2.jpg
813,train,Valid,1,output\tm_dataset\train\Valid_Claim\813_v1.jpg
813,train,Valid,2,output\tm_dataset\train\Valid_Claim\813_v2.jpg
814,train,Valid,1,output\tm_dataset\train\Valid_Claim\814_v1.jpg
814,train,Valid,2,output\tm_dataset\train\Valid_Claim\814_v2.jpg
816,train,Valid,1,output\tm_dataset\train\Valid_Claim\816_v1.jpg
816,train,Valid,2,output\tm_dataset\train\Valid_Claim\816_v2.jpg
818,train,Valid,1,output\tm_dataset\train\Valid_Claim\818_v1.jpg
818,train,Valid,2,output\tm_dataset\train\Valid_Claim\818_v2.jpg
820,train,Valid,1,output\tm_dataset\train\Valid_Claim\820_v1.jpg
820,train,Valid,2,output\tm_dataset\train\Valid_Claim\820_v2.jpg
821,train,Valid,1,output\tm_dataset\train\Valid_Claim\821_v1.jpg
821,train,Valid,2,output\tm_dataset\train\Valid_Claim\821_v2.jpg
822,train,Valid,1,output\tm_dataset\train\Valid_Claim\822_v1.jpg
822,train,Valid,2,output\tm_dataset\train\Valid_Claim\822_v2.jpg
824,train,Valid,1,output\tm_dataset\train\Valid_Claim\824_v1.jpg
824,train,Valid,2,output\tm_dataset\train\Valid_Claim\824_v2.jpg
826,train,Manual Review,1,output\tm_dataset\train\Manual_Review\826_v1.jpg
826,train,Manual Review,2,output\tm_dataset\train\Manual_Review\826_v2.jpg
827,train,Manual Review,1,output\tm_dataset\train\Manual_Review\827_v1.jpg
827,train,Manual Review,2,output\tm_dataset\train\Manual_Review\827_v2.jpg
828,train,Invalid,1,output\tm_dataset\train\Invalid_Claim\828_v1.jpg
828,train,Invalid,2,output\tm_dataset\train\Invalid_Claim\828_v2.jpg
830,train,Valid,1,output\tm_dataset\train\Valid_Claim\830_v1.jpg
830,train,Valid,2,output\tm_dataset\train\Valid_Claim\830_v2.jpg
831,train,Invalid,1,output\tm_dataset\train\Invalid_Claim\831_v1.jpg
831,train,Invalid,2,output\tm_dataset\train\Invalid_Claim\831_v2.jpg
836,train,Valid,1,output\tm_dataset\train\Valid_Claim\836_v1.jpg
836,train,Valid,2,output\tm_dataset\train\Valid_Claim\836_v2.jpg
837,train,Invalid,1,output\tm_dataset\train\Invalid_Claim\837_v1.jpg
837,train,Invalid,2,output\tm_dataset\train\Invalid_Claim\837_v2.jpg
838,train,Valid,1,output\tm_dataset\train\Valid_Claim\838_v1.jpg
838,train,Valid,2,output\tm_dataset\train\Valid_Claim\838_v2.jpg
839,train,Valid,1,output\tm_dataset\train\Valid_Claim\839_v1.jpg
839,train,Valid,2,output\tm_dataset\train\Valid_Claim\839_v2.jpg
840,train,Manual Review,1,output\tm_dataset\train\Manual_Review\840_v1.jpg
840,train,Manual Review,2,output\tm_dataset\train\Manual_Review\840_v2.jpg
842,train,Valid,1,output\tm_dataset\train\Valid_Claim\842_v1.jpg
842,train,Valid,2,output\tm_dataset\train\Valid_Claim\842_v2.jpg
843,train,Manual Review,1,output\tm_dataset\train\Manual_Review\843_v1.jpg
843,train,Manual Review,2,output\tm_dataset\train\Manual_Review\843_v2.jpg
844,train,Manual Review,1,output\tm_dataset\train\Manual_Review\844_v1.jpg
844,train,Manual Review,2,output\tm_dataset\train\Manual_Review\844_v2.jpg
845,train,Manual Review,1,output\tm_dataset\train\Manual_Review\845_v1.jpg
845,train,Manual Review,2,output\tm_dataset\train\Manual_Review\845_v2.jpg
848,train,Valid,1,output\tm_dataset\train\Valid_Claim\848_v1.jpg
848,train,Valid,2,output\tm_dataset\train\Valid_Claim\848_v2.jpg
849,train,Invalid,1,output\tm_dataset\train\Invalid_Claim\849_v1.jpg
849,train,Invalid,2,output\tm_dataset\train\Invalid_Claim\849_v2.jpg
850,train,Manual Review,1,output\tm_dataset\train\Manual_Review\850_v1.jpg
850,train,Manual Review,2,output\tm_dataset\train\Manual_Review\850_v2.jpg
851,train,Invalid,1,output\tm_dataset\train\Invalid_Claim\851_v1.jpg
851,train,Invalid,2,output\tm_dataset\train\Invalid_Claim\851_v2.jpg
854,train,Invalid,1,output\tm_dataset\train\Invalid_Claim\854_v1.jpg
854,train,Invalid,2,output\tm_dataset\train\Invalid_Claim\854_v2.jpg
855,train,Invalid,1,output\tm_dataset\train\Invalid_Claim\855_v1.jpg
855,train,Invalid,2,output\tm_dataset\train\Invalid_Claim\855_v2.jpg
856,train,Manual Review,1,output\tm_dataset\train\Manual_Review\856_v1.jpg
856,train,Manual Review,2,output\tm_dataset\train\Manual_Review\856_v2.jpg
859,train,Invalid,1,output\tm_dataset\train\Invalid_Claim\859_v1.jpg
859,train,Invalid,2,output\tm_dataset\train\Invalid_Claim\859_v2.jpg
860,train,Manual Review,1,output\tm_dataset\train\Manual_Review\860_v1.jpg
860,train,Manual Review,2,output\tm_dataset\train\Manual_Review\860_v2.jpg
861,train,Manual Review,1,output\tm_dataset\train\Manual_Review\861_v1.jpg
861,train,Manual Review,2,output\tm_dataset\train\Manual_Review\861_v2.jpg
862,train,Invalid,1,output\tm_dataset\train\Invalid_Claim\862_v1.jpg
862,train,Invalid,2,output\tm_dataset\train\Invalid_Claim\862_v2.jpg
864,train,Invalid,1,output\tm_dataset\train\Invalid_Claim\864_v1.jpg
864,train,Invalid,2,output\tm_dataset\train\Invalid_Claim\864_v2.jpg
865,train,Invalid,1,output\tm_dataset\train\Invalid_Claim\865_v1.jpg
865,train,Invalid,2,output\tm_dataset\train\Invalid_Claim\865_v2.jpg
866,train,Valid,1,output\tm_dataset\train\Valid_Claim\866_v1.jpg
866,train,Valid,2,output\tm_dataset\train\Valid_Claim\866_v2.jpg
867,train,Manual Review,1,output\tm_dataset\train\Manual_Review\867_v1.jpg
867,train,Manual Review,2,output\tm_dataset\train\Manual_Review\867_v2.jpg
868,train,Invalid,1,output\tm_dataset\train\Invalid_Claim\868_v1.jpg
868,train,Invalid,2,output\tm_dataset\train\Invalid_Claim\868_v2.jpg
869,train,Manual Review,1,output\tm_dataset\train\Manual_Review\869_v1.jpg
869,train,Manual Review,2,output\tm_dataset\train\Manual_Review\869_v2.jpg
871,train,Invalid,1,output\tm_dataset\train\Invalid_Claim\871_v1.jpg
871,train,Invalid,2,output\tm_dataset\train\Invalid_Claim\871_v2.jpg
872,train,Manual Review,1,output\tm_dataset\train\Manual_Review\872_v1.jpg
872,train,Manual Review,2,output\tm_dataset\train\Manual_Review\872_v2.jpg
873,train,Invalid,1,output\tm_dataset\train\Invalid_Claim\873_v1.jpg
873,train,Invalid,2,output\tm_dataset\train\Invalid_Claim\873_v2.jpg
874,train,Manual Review,1,output\tm_dataset\train\Manual_Review\874_v1.jpg
874,train,Manual Review,2,output\tm_dataset\train\Manual_Review\874_v2.jpg
875,train,Valid,1,output\tm_dataset\train\Valid_Claim\875_v1.jpg
875,train,Valid,2,output\tm_dataset\train\Valid_Claim\875_v2.jpg
876,train,Manual Review,1,output\tm_dataset\train\Manual_Review\876_v1.jpg
876,train,Manual Review,2,output\tm_dataset\train\Manual_Review\876_v2.jpg
878,train,Manual Review,1,output\tm_dataset\train\Manual_Review\878_v1.jpg
878,train,Manual Review,2,output\tm_dataset\train\Manual_Review\878_v2.jpg
881,train,Manual Review,1,output\tm_dataset\train\Manual_Review\881_v1.jpg
881,train,Manual Review,2,output\tm_dataset\train\Manual_Review\881_v2.jpg
883,train,Manual Review,1,output\tm_dataset\train\Manual_Review\883_v1.jpg
883,train,Manual Review,2,output\tm_dataset\train\Manual_Review\883_v2.jpg
884,train,Invalid,1,output\tm_dataset\train\Invalid_Claim\884_v1.jpg
884,train,Invalid,2,output\tm_dataset\train\Invalid_Claim\884_v2.jpg
886,train,Manual Review,1,output\tm_dataset\train\Manual_Review\886_v1.jpg
886,train,Manual Review,2,output\tm_dataset\train\Manual_Review\886_v2.jpg
887,train,Valid,1,output\tm_dataset\train\Valid_Claim\887_v1.jpg
887,train,Valid,2,output\tm_dataset\train\Valid_Claim\887_v2.jpg
888,train,Manual Review,1,output\tm_dataset\train\Manual_Review\888_v1.jpg
888,train,Manual Review,2,output\tm_dataset\train\Manual_Review\888_v2.jpg
889,train,Manual Review,1,output\tm_dataset\train\Manual_Review\889_v1.jpg
889,train,Manual Review,2,output\tm_dataset\train\Manual_Review\889_v2.jpg
890,train,Manual Review,1,output\tm_dataset\train\Manual_Review\890_v1.jpg
890,train,Manual Review,2,output\tm_dataset\train\Manual_Review\890_v2.jpg
891,train,Manual Review,1,output\tm_dataset\train\Manual_Review\891_v1.jpg
891,train,Manual Review,2,output\tm_dataset\train\Manual_Review\891_v2.jpg
892,train,Manual Review,1,output\tm_dataset\train\Manual_Review\892_v1.jpg
892,train,Manual Review,2,output\tm_dataset\train\Manual_Review\892_v2.jpg
893,train,Manual Review,1,output\tm_dataset\train\Manual_Review\893_v1.jpg
893,train,Manual Review,2,output\tm_dataset\train\Manual_Review\893_v2.jpg
894,train,Invalid,1,output\tm_dataset\train\Invalid_Claim\894_v1.jpg
894,train,Invalid,2,output\tm_dataset\train\Invalid_Claim\894_v2.jpg
895,train,Manual Review,1,output\tm_dataset\train\Manual_Review\895_v1.jpg
895,train,Manual Review,2,output\tm_dataset\train\Manual_Review\895_v2.jpg
896,train,Manual Review,1,output\tm_dataset\train\Manual_Review\896_v1.jpg
896,train,Manual Review,2,output\tm_dataset\train\Manual_Review\896_v2.jpg
897,train,Valid,1,output\tm_dataset\train\Valid_Claim\897_v1.jpg
897,train,Valid,2,output\tm_dataset\train\Valid_Claim\897_v2.jpg
898,train,Invalid,1,output\tm_dataset\train\Invalid_Claim\898_v1.jpg
898,train,Invalid,2,output\tm_dataset\train\Invalid_Claim\898_v2.jpg
900,train,Manual Review,1,output\tm_dataset\train\Manual_Review\900_v1.jpg
900,train,Manual Review,2,output\tm_dataset\train\Manual_Review\900_v2.jpg
901,train,Valid,1,output\tm_dataset\train\Valid_Claim\901_v1.jpg
901,train,Valid,2,output\tm_dataset\train\Valid_Claim\901_v2.jpg
902,train,Valid,1,output\tm_dataset\train\Valid_Claim\902_v1.jpg
902,train,Valid,2,output\tm_dataset\train\Valid_Claim\902_v2.jpg
903,train,Valid,1,output\tm_dataset\train\Valid_Claim\903_v1.jpg
903,train,Valid,2,output\tm_dataset\train\Valid_Claim\903_v2.jpg
904,train,Invalid,1,output\tm_dataset\train\Invalid_Claim\904_v1.jpg
904,train,Invalid,2,output\tm_dataset\train\Invalid_Claim\904_v2.jpg
906,train,Invalid,1,output\tm_dataset\train\Invalid_Claim\906_v1.jpg
906,train,Invalid,2,output\tm_dataset\train\Invalid_Claim\906_v2.jpg
907,train,Valid,1,output\tm_dataset\train\Valid_Claim\907_v1.jpg
907,train,Valid,2,output\tm_dataset\train\Valid_Claim\907_v2.jpg
909,train,Manual Review,1,output\tm_dataset\train\Manual_Review\909_v1.jpg
909,train,Manual Review,2,output\tm_dataset\train\Manual_Review\909_v2.jpg
910,train,Manual Review,1,output\tm_dataset\train\Manual_Review\910_v1.jpg
910,train,Manual Review,2,output\tm_dataset\train\Manual_Review\910_v2.jpg
911,train,Invalid,1,output\tm_dataset\train\Invalid_Claim\911_v1.jpg
911,train,Invalid,2,output\tm_dataset\train\Invalid_Claim\911_v2.jpg
912,train,Valid,1,output\tm_dataset\train\Valid_Claim\912_v1.jpg
912,train,Valid,2,output\tm_dataset\train\Valid_Claim\912_v2.jpg
915,train,Manual Review,1,output\tm_dataset\train\Manual_Review\915_v1.jpg
915,train,Manual Review,2,output\tm_dataset\train\Manual_Review\915_v2.jpg
917,train,Invalid,1,output\tm_dataset\train\Invalid_Claim\917_v1.jpg
917,train,Invalid,2,output\tm_dataset\train\Invalid_Claim\917_v2.jpg
918,train,Valid,1,output\tm_dataset\train\Valid_Claim\918_v1.jpg
918,train,Valid,2,output\tm_dataset\train\Valid_Claim\918_v2.jpg
919,train,Valid,1,output\tm_dataset\train\Valid_Claim\919_v1.jpg
919,train,Valid,2,output\tm_dataset\train\Valid_Claim\919_v2.jpg
921,train,Valid,1,output\tm_dataset\train\Valid_Claim\921_v1.jpg
921,train,Valid,2,output\tm_dataset\train\Valid_Claim\921_v2.jpg
922,train,Invalid,1,output\tm_dataset\train\Invalid_Claim\922_v1.jpg
922,train,Invalid,2,output\tm_dataset\train\Invalid_Claim\922_v2.jpg
924,train,Manual Review,1,output\tm_dataset\train\Manual_Review\924_v1.jpg
924,train,Manual Review,2,output\tm_dataset\train\Manual_Review\924_v2.jpg
925,train,Valid,1,output\tm_dataset\train\Valid_Claim\925_v1.jpg
925,train,Valid,2,output\tm_dataset\train\Valid_Claim\925_v2.jpg
926,train,Manual Review,1,output\tm_dataset\train\Manual_Review\926_v1.jpg
926,train,Manual Review,2,output\tm_dataset\train\Manual_Review\926_v2.jpg
927,train,Valid,1,output\tm_dataset\train\Valid_Claim\927_v1.jpg
927,train,Valid,2,output\tm_dataset\train\Valid_Claim\927_v2.jpg
928,train,Invalid,1,output\tm_dataset\train\Invalid_Claim\928_v1.jpg
928,train,Invalid,2,output\tm_dataset\train\Invalid_Claim\928_v2.jpg
929,train,Invalid,1,output\tm_dataset\train\Invalid_Claim\929_v1.jpg
929,train,Invalid,2,output\tm_dataset\train\Invalid_Claim\929_v2.jpg
930,train,Invalid,1,output\tm_dataset\train\Invalid_Claim\930_v1.jpg
930,train,Invalid,2,output\tm_dataset\train\Invalid_Claim\930_v2.jpg
932,train,Invalid,1,output\tm_dataset\train\Invalid_Claim\932_v1.jpg
932,train,Invalid,2,output\tm_dataset\train\Invalid_Claim\932_v2.jpg
933,train,Manual Review,1,output\tm_dataset\train\Manual_Review\933_v1.jpg
933,train,Manual Review,2,output\tm_dataset\train\Manual_Review\933_v2.jpg
934,train,Valid,1,output\tm_dataset\train\Valid_Claim\934_v1.jpg
934,train,Valid,2,output\tm_dataset\train\Valid_Claim\934_v2.jpg
935,train,Manual Review,1,output\tm_dataset\train\Manual_Review\935_v1.jpg
935,train,Manual Review,2,output\tm_dataset\train\Manual_Review\935_v2.jpg
936,train,Invalid,1,output\tm_dataset\train\Invalid_Claim\936_v1.jpg
936,train,Invalid,2,output\tm_dataset\train\Invalid_Claim\936_v2.jpg
937,train,Manual Review,1,output\tm_dataset\train\Manual_Review\937_v1.jpg
937,train,Manual Review,2,output\tm_dataset\train\Manual_Review\937_v2.jpg
939,train,Invalid,1,output\tm_dataset\train\Invalid_Claim\939_v1.jpg
939,train,Invalid,2,output\tm_dataset\train\Invalid_Claim\939_v2.jpg
941,train,Invalid,1,output\tm_dataset\train\Invalid_Claim\941_v1.jpg
941,train,Invalid,2,output\tm_dataset\train\Invalid_Claim\941_v2.jpg
942,train,Valid,1,output\tm_dataset\train\Valid_Claim\942_v1.jpg
942,train,Valid,2,output\tm_dataset\train\Valid_Claim\942_v2.jpg
943,train,Valid,1,output\tm_dataset\train\Valid_Claim\943_v1.jpg
943,train,Valid,2,output\tm_dataset\train\Valid_Claim\943_v2.jpg
945,train,Invalid,1,output\tm_dataset\train\Invalid_Claim\945_v1.jpg
945,train,Invalid,2,output\tm_dataset\train\Invalid_Claim\945_v2.jpg
946,train,Manual Review,1,output\tm_dataset\train\Manual_Review\946_v1.jpg
946,train,Manual Review,2,output\tm_dataset\train\Manual_Review\946_v2.jpg
947,train,Valid,1,output\tm_dataset\train\Valid_Claim\947_v1.jpg
947,train,Valid,2,output\tm_dataset\train\Valid_Claim\947_v2.jpg
951,train,Valid,1,output\tm_dataset\train\Valid_Claim\951_v1.jpg
951,train,Valid,2,output\tm_dataset\train\Valid_Claim\951_v2.jpg
952,train,Manual Review,1,output\tm_dataset\train\Manual_Review\952_v1.jpg
952,train,Manual Review,2,output\tm_dataset\train\Manual_Review\952_v2.jpg
954,train,Invalid,1,output\tm_dataset\train\Invalid_Claim\954_v1.jpg
954,train,Invalid,2,output\tm_dataset\train\Invalid_Claim\954_v2.jpg
957,train,Invalid,1,output\tm_dataset\train\Invalid_Claim\957_v1.jpg
957,train,Invalid,2,output\tm_dataset\train\Invalid_Claim\957_v2.jpg
958,train,Invalid,1,output\tm_dataset\train\Invalid_Claim\958_v1.jpg
958,train,Invalid,2,output\tm_dataset\train\Invalid_Claim\958_v2.jpg
962,train,Manual Review,1,output\tm_dataset\train\Manual_Review\962_v1.jpg
962,train,Manual Review,2,output\tm_dataset\train\Manual_Review\962_v2.jpg
964,train,Manual Review,1,output\tm_dataset\train\Manual_Review\964_v1.jpg
964,train,Manual Review,2,output\tm_dataset\train\Manual_Review\964_v2.jpg
965,train,Valid,1,output\tm_dataset\train\Valid_Claim\965_v1.jpg
965,train,Valid,2,output\tm_dataset\train\Valid_Claim\965_v2.jpg
966,train,Manual Review,1,output\tm_dataset\train\Manual_Review\966_v1.jpg
966,train,Manual Review,2,output\tm_dataset\train\Manual_Review\966_v2.jpg
967,train,Invalid,1,output\tm_dataset\train\Invalid_Claim\967_v1.jpg
967,train,Invalid,2,output\tm_dataset\train\Invalid_Claim\967_v2.jpg
971,train,Manual Review,1,output\tm_dataset\train\Manual_Review\971_v1.jpg
971,train,Manual Review,2,output\tm_dataset\train\Manual_Review\971_v2.jpg
973,train,Manual Review,1,output\tm_dataset\train\Manual_Review\973_v1.jpg
973,train,Manual Review,2,output\tm_dataset\train\Manual_Review\973_v2.jpg
974,train,Valid,1,output\tm_dataset\train\Valid_Claim\974_v1.jpg
974,train,Valid,2,output\tm_dataset\train\Valid_Claim\974_v2.jpg
975,train,Invalid,1,output\tm_dataset\train\Invalid_Claim\975_v1.jpg
975,train,Invalid,2,output\tm_dataset\train\Invalid_Claim\975_v2.jpg
976,train,Manual Review,1,output\tm_dataset\train\Manual_Review\976_v1.jpg
976,train,Manual Review,2,output\tm_dataset\train\Manual_Review\976_v2.jpg
977,train,Valid,1,output\tm_dataset\train\Valid_Claim\977_v1.jpg
977,train,Valid,2,output\tm_dataset\train\Valid_Claim\977_v2.jpg
978,train,Manual Review,1,output\tm_dataset\train\Manual_Review\978_v1.jpg
978,train,Manual Review,2,output\tm_dataset\train\Manual_Review\978_v2.jpg
980,train,Invalid,1,output\tm_dataset\train\Invalid_Claim\980_v1.jpg
980,train,Invalid,2,output\tm_dataset\train\Invalid_Claim\980_v2.jpg
981,train,Valid,1,output\tm_dataset\train\Valid_Claim\981_v1.jpg
981,train,Valid,2,output\tm_dataset\train\Valid_Claim\981_v2.jpg
983,train,Invalid,1,output\tm_dataset\train\Invalid_Claim\983_v1.jpg
983,train,Invalid,2,output\tm_dataset\train\Invalid_Claim\983_v2.jpg
984,train,Manual Review,1,output\tm_dataset\train\Manual_Review\984_v1.jpg
984,train,Manual Review,2,output\tm_dataset\train\Manual_Review\984_v2.jpg
988,train,Invalid,1,output\tm_dataset\train\Invalid_Claim\988_v1.jpg
988,train,Invalid,2,output\tm_dataset\train\Invalid_Claim\988_v2.jpg
990,train,Invalid,1,output\tm_dataset\train\Invalid_Claim\990_v1.jpg
990,train,Invalid,2,output\tm_dataset\train\Invalid_Claim\990_v2.jpg
991,train,Manual Review,1,output\tm_dataset\train\Manual_Review\991_v1.jpg
991,train,Manual Review,2,output\tm_dataset\train\Manual_Review\991_v2.jpg
993,train,Manual Review,1,output\tm_dataset\train\Manual_Review\993_v1.jpg
993,train,Manual Review,2,output\tm_dataset\train\Manual_Review\993_v2.jpg
994,train,Manual Review,1,output\tm_dataset\train\Manual_Review\994_v1.jpg
994,train,Manual Review,2,output\tm_dataset\train\Manual_Review\994_v2.jpg
995,train,Invalid,1,output\tm_dataset\train\Invalid_Claim\995_v1.jpg
995,train,Invalid,2,output\tm_dataset\train\Invalid_Claim\995_v2.jpg
996,train,Manual Review,1,output\tm_dataset\train\Manual_Review\996_v1.jpg
996,train,Manual Review,2,output\tm_dataset\train\Manual_Review\996_v2.jpg
997,train,Invalid,1,output\tm_dataset\train\Invalid_Claim\997_v1.jpg
997,train,Invalid,2,output\tm_dataset\train\Invalid_Claim\997_v2.jpg
998,train,Invalid,1,output\tm_dataset\train\Invalid_Claim\998_v1.jpg
998,train,Invalid,2,output\tm_dataset\train\Invalid_Claim\998_v2.jpg
1001,train,Valid,1,output\tm_dataset\train\Valid_Claim\1001_v1.jpg
1001,train,Valid,2,output\tm_dataset\train\Valid_Claim\1001_v2.jpg
1005,train,Valid,1,output\tm_dataset\train\Valid_Claim\1005_v1.jpg
1005,train,Valid,2,output\tm_dataset\train\Valid_Claim\1005_v2.jpg
1006,train,Manual Review,1,output\tm_dataset\train\Manual_Review\1006_v1.jpg
1006,train,Manual Review,2,output\tm_dataset\train\Manual_Review\1006_v2.jpg
1007,train,Invalid,1,output\tm_dataset\train\Invalid_Claim\1007_v1.jpg
1007,train,Invalid,2,output\tm_dataset\train\Invalid_Claim\1007_v2.jpg
1008,train,Valid,1,output\tm_dataset\train\Valid_Claim\1008_v1.jpg
1008,train,Valid,2,output\tm_dataset\train\Valid_Claim\1008_v2.jpg
1010,train,Valid,1,output\tm_dataset\train\Valid_Claim\1010_v1.jpg
1010,train,Valid,2,output\tm_dataset\train\Valid_Claim\1010_v2.jpg
1011,train,Manual Review,1,output\tm_dataset\train\Manual_Review\1011_v1.jpg
1011,train,Manual Review,2,output\tm_dataset\train\Manual_Review\1011_v2.jpg
1012,train,Manual Review,1,output\tm_dataset\train\Manual_Review\1012_v1.jpg
1012,train,Manual Review,2,output\tm_dataset\train\Manual_Review\1012_v2.jpg
1015,train,Valid,1,output\tm_dataset\train\Valid_Claim\1015_v1.jpg
1015,train,Valid,2,output\tm_dataset\train\Valid_Claim\1015_v2.jpg
1016,train,Manual Review,1,output\tm_dataset\train\Manual_Review\1016_v1.jpg
1016,train,Manual Review,2,output\tm_dataset\train\Manual_Review\1016_v2.jpg
1017,train,Invalid,1,output\tm_dataset\train\Invalid_Claim\1017_v1.jpg
1017,train,Invalid,2,output\tm_dataset\train\Invalid_Claim\1017_v2.jpg
1020,train,Manual Review,1,output\tm_dataset\train\Manual_Review\1020_v1.jpg
1020,train,Manual Review,2,output\tm_dataset\train\Manual_Review\1020_v2.jpg
1021,train,Invalid,1,output\tm_dataset\train\Invalid_Claim\1021_v1.jpg
1021,train,Invalid,2,output\tm_dataset\train\Invalid_Claim\1021_v2.jpg
1022,train,Valid,1,output\tm_dataset\train\Valid_Claim\1022_v1.jpg
1022,train,Valid,2,output\tm_dataset\train\Valid_Claim\1022_v2.jpg
1023,train,Invalid,1,output\tm_dataset\train\Invalid_Claim\1023_v1.jpg
1023,train,Invalid,2,output\tm_dataset\train\Invalid_Claim\1023_v2.jpg
1024,train,Manual Review,1,output\tm_dataset\train\Manual_Review\1024_v1.jpg
1024,train,Manual Review,2,output\tm_dataset\train\Manual_Review\1024_v2.jpg
1025,train,Invalid,1,output\tm_dataset\train\Invalid_Claim\1025_v1.jpg
1025,train,Invalid,2,output\tm_dataset\train\Invalid_Claim\1025_v2.jpg
1026,train,Invalid,1,output\tm_dataset\train\Invalid_Claim\1026_v1.jpg
1026,train,Invalid,2,output\tm_dataset\train\Invalid_Claim\1026_v2.jpg
1027,train,Manual Review,1,output\tm_dataset\train\Manual_Review\1027_v1.jpg
1027,train,Manual Review,2,output\tm_dataset\train\Manual_Review\1027_v2.jpg
1028,train,Valid,1,output\tm_dataset\train\Valid_Claim\1028_v1.jpg
1028,train,Valid,2,output\tm_dataset\train\Valid_Claim\1028_v2.jpg
1029,train,Manual Review,1,output\tm_dataset\train\Manual_Review\1029_v1.jpg
1029,train,Manual Review,2,output\tm_dataset\train\Manual_Review\1029_v2.jpg
1030,train,Invalid,1,output\tm_dataset\train\Invalid_Claim\1030_v1.jpg
1030,train,Invalid,2,output\tm_dataset\train\Invalid_Claim\1030_v2.jpg
1031,train,Valid,1,output\tm_dataset\train\Valid_Claim\1031_v1.jpg
1031,train,Valid,2,output\tm_dataset\train\Valid_Claim\1031_v2.jpg
1032,train,Invalid,1,output\tm_dataset\train\Invalid_Claim\1032_v1.jpg
1032,train,Invalid,2,output\tm_dataset\train\Invalid_Claim\1032_v2.jpg
1034,train,Invalid,1,output\tm_dataset\train\Invalid_Claim\1034_v1.jpg
1034,train,Invalid,2,output\tm_dataset\train\Invalid_Claim\1034_v2.jpg
1036,train,Manual Review,1,output\tm_dataset\train\Manual_Review\1036_v1.jpg
1036,train,Manual Review,2,output\tm_dataset\train\Manual_Review\1036_v2.jpg
1037,train,Invalid,1,output\tm_dataset\train\Invalid_Claim\1037_v1.jpg
1037,train,Invalid,2,output\tm_dataset\train\Invalid_Claim\1037_v2.jpg
1038,train,Invalid,1,output\tm_dataset\train\Invalid_Claim\1038_v1.jpg
1038,train,Invalid,2,output\tm_dataset\train\Invalid_Claim\1038_v2.jpg
1040,train,Manual Review,1,output\tm_dataset\train\Manual_Review\1040_v1.jpg
1040,train,Manual Review,2,output\tm_dataset\train\Manual_Review\1040_v2.jpg
1042,train,Invalid,1,output\tm_dataset\train\Invalid_Claim\1042_v1.jpg
1042,train,Invalid,2,output\tm_dataset\train\Invalid_Claim\1042_v2.jpg
1043,train,Manual Review,1,output\tm_dataset\train\Manual_Review\1043_v1.jpg
1043,train,Manual Review,2,output\tm_dataset\train\Manual_Review\1043_v2.jpg
1046,train,Valid,1,output\tm_dataset\train\Valid_Claim\1046_v1.jpg
1046,train,Valid,2,output\tm_dataset\train\Valid_Claim\1046_v2.jpg
1047,train,Manual Review,1,output\tm_dataset\train\Manual_Review\1047_v1.jpg
1047,train,Manual Review,2,output\tm_dataset\train\Manual_Review\1047_v2.jpg
1048,train,Manual Review,1,output\tm_dataset\train\Manual_Review\1048_v1.jpg
1048,train,Manual Review,2,output\tm_dataset\train\Manual_Review\1048_v2.jpg
1049,train,Valid,1,output\tm_dataset\train\Valid_Claim\1049_v1.jpg
1049,train,Valid,2,output\tm_dataset\train\Valid_Claim\1049_v2.jpg
1051,train,Valid,1,output\tm_dataset\train\Valid_Claim\1051_v1.jpg
1051,train,Valid,2,output\tm_dataset\train\Valid_Claim\1051_v2.jpg
1052,train,Invalid,1,output\tm_dataset\train\Invalid_Claim\1052_v1.jpg
1052,train,Invalid,2,output\tm_dataset\train\Invalid_Claim\1052_v2.jpg
1054,train,Valid,1,output\tm_dataset\train\Valid_Claim\1054_v1.jpg
1054,train,Valid,2,output\tm_dataset\train\Valid_Claim\1054_v2.jpg
1055,train,Manual Review,1,output\tm_dataset\train\Manual_Review\1055_v1.jpg
1055,train,Manual Review,2,output\tm_dataset\train\Manual_Review\1055_v2.jpg
1056,train,Invalid,1,output\tm_dataset\train\Invalid_Claim\1056_v1.jpg
1056,train,Invalid,2,output\tm_dataset\train\Invalid_Claim\1056_v2.jpg
1057,train,Manual Review,1,output\tm_dataset\train\Manual_Review\1057_v1.jpg
1057,train,Manual Review,2,output\tm_dataset\train\Manual_Review\1057_v2.jpg
1059,train,Invalid,1,output\tm_dataset\train\Invalid_Claim\1059_v1.jpg
1059,train,Invalid,2,output\tm_dataset\train\Invalid_Claim\1059_v2.jpg
1060,train,Valid,1,output\tm_dataset\train\Valid_Claim\1060_v1.jpg
1060,train,Valid,2,output\tm_dataset\train\Valid_Claim\1060_v2.jpg
1061,train,Valid,1,output\tm_dataset\train\Valid_Claim\1061_v1.jpg
1061,train,Valid,2,output\tm_dataset\train\Valid_Claim\1061_v2.jpg
1064,train,Manual Review,1,output\tm_dataset\train\Manual_Review\1064_v1.jpg
1064,train,Manual Review,2,output\tm_dataset\train\Manual_Review\1064_v2.jpg
1065,train,Manual Review,1,output\tm_dataset\train\Manual_Review\1065_v1.jpg
1065,train,Manual Review,2,output\tm_dataset\train\Manual_Review\1065_v2.jpg
1066,train,Manual Review,1,output\tm_dataset\train\Manual_Review\1066_v1.jpg
1066,train,Manual Review,2,output\tm_dataset\train\Manual_Review\1066_v2.jpg
1067,train,Invalid,1,output\tm_dataset\train\Invalid_Claim\1067_v1.jpg
1067,train,Invalid,2,output\tm_dataset\train\Invalid_Claim\1067_v2.jpg
1069,train,Valid,1,output\tm_dataset\train\Valid_Claim\1069_v1.jpg
1069,train,Valid,2,output\tm_dataset\train\Valid_Claim\1069_v2.jpg
1070,train,Invalid,1,output\tm_dataset\train\Invalid_Claim\1070_v1.jpg
1070,train,Invalid,2,output\tm_dataset\train\Invalid_Claim\1070_v2.jpg
1071,train,Invalid,1,output\tm_dataset\train\Invalid_Claim\1071_v1.jpg
1071,train,Invalid,2,output\tm_dataset\train\Invalid_Claim\1071_v2.jpg
1072,train,Valid,1,output\tm_dataset\train\Valid_Claim\1072_v1.jpg
1072,train,Valid,2,output\tm_dataset\train\Valid_Claim\1072_v2.jpg
1074,train,Valid,1,output\tm_dataset\train\Valid_Claim\1074_v1.jpg
1074,train,Valid,2,output\tm_dataset\train\Valid_Claim\1074_v2.jpg
1076,train,Invalid,1,output\tm_dataset\train\Invalid_Claim\1076_v1.jpg
1076,train,Invalid,2,output\tm_dataset\train\Invalid_Claim\1076_v2.jpg
1078,train,Invalid,1,output\tm_dataset\train\Invalid_Claim\1078_v1.jpg
1078,train,Invalid,2,output\tm_dataset\train\Invalid_Claim\1078_v2.jpg
1079,train,Manual Review,1,output\tm_dataset\train\Manual_Review\1079_v1.jpg
1079,train,Manual Review,2,output\tm_dataset\train\Manual_Review\1079_v2.jpg
1080,train,Valid,1,output\tm_dataset\train\Valid_Claim\1080_v1.jpg
1080,train,Valid,2,output\tm_dataset\train\Valid_Claim\1080_v2.jpg
1081,train,Valid,1,output\tm_dataset\train\Valid_Claim\1081_v1.jpg
1081,train,Valid,2,output\tm_dataset\train\Valid_Claim\1081_v2.jpg
1083,train,Invalid,1,output\tm_dataset\train\Invalid_Claim\1083_v1.jpg
1083,train,Invalid,2,output\tm_dataset\train\Invalid_Claim\1083_v2.jpg
1085,train,Valid,1,output\tm_dataset\train\Valid_Claim\1085_v1.jpg
1085,train,Valid,2,output\tm_dataset\train\Valid_Claim\1085_v2.jpg
1086,train,Manual Review,1,output\tm_dataset\train\Manual_Review\1086_v1.jpg
1086,train,Manual Review,2,output\tm_dataset\train\Manual_Review\1086_v2.jpg
1087,train,Valid,1,output\tm_dataset\train\Valid_Claim\1087_v1.jpg
1087,train,Valid,2,output\tm_dataset\train\Valid_Claim\1087_v2.jpg
1088,train,Invalid,1,output\tm_dataset\train\Invalid_Claim\1088_v1.jpg
1088,train,Invalid,2,output\tm_dataset\train\Invalid_Claim\1088_v2.jpg
1089,train,Valid,1,output\tm_dataset\train\Valid_Claim\1089_v1.jpg
1089,train,Valid,2,output\tm_dataset\train\Valid_Claim\1089_v2.jpg
1090,train,Invalid,1,output\tm_dataset\train\Invalid_Claim\1090_v1.jpg
1090,train,Invalid,2,output\tm_dataset\train\Invalid_Claim\1090_v2.jpg
1093,train,Manual Review,1,output\tm_dataset\train\Manual_Review\1093_v1.jpg
1093,train,Manual Review,2,output\tm_dataset\train\Manual_Review\1093_v2.jpg
1094,train,Invalid,1,output\tm_dataset\train\Invalid_Claim\1094_v1.jpg
1094,train,Invalid,2,output\tm_dataset\train\Invalid_Claim\1094_v2.jpg
1095,train,Valid,1,output\tm_dataset\train\Valid_Claim\1095_v1.jpg
1095,train,Valid,2,output\tm_dataset\train\Valid_Claim\1095_v2.jpg
1096,train,Invalid,1,output\tm_dataset\train\Invalid_Claim\1096_v1.jpg
1096,train,Invalid,2,output\tm_dataset\train\Invalid_Claim\1096_v2.jpg
1097,train,Invalid,1,output\tm_dataset\train\Invalid_Claim\1097_v1.jpg
1097,train,Invalid,2,output\tm_dataset\train\Invalid_Claim\1097_v2.jpg
1098,train,Manual Review,1,output\tm_dataset\train\Manual_Review\1098_v1.jpg
1098,train,Manual Review,2,output\tm_dataset\train\Manual_Review\1098_v2.jpg
1101,train,Invalid,1,output\tm_dataset\train\Invalid_Claim\1101_v1.jpg
1101,train,Invalid,2,output\tm_dataset\train\Invalid_Claim\1101_v2.jpg
1102,train,Invalid,1,output\tm_dataset\train\Invalid_Claim\1102_v1.jpg
1102,train,Invalid,2,output\tm_dataset\train\Invalid_Claim\1102_v2.jpg
1104,train,Manual Review,1,output\tm_dataset\train\Manual_Review\1104_v1.jpg
1104,train,Manual Review,2,output\tm_dataset\train\Manual_Review\1104_v2.jpg
1105,train,Valid,1,output\tm_dataset\train\Valid_Claim\1105_v1.jpg
1105,train,Valid,2,output\tm_dataset\train\Valid_Claim\1105_v2.jpg
1106,train,Manual Review,1,output\tm_dataset\train\Manual_Review\1106_v1.jpg
1106,train,Manual Review,2,output\tm_dataset\train\Manual_Review\1106_v2.jpg
1108,train,Valid,1,output\tm_dataset\train\Valid_Claim\1108_v1.jpg
1108,train,Valid,2,output\tm_dataset\train\Valid_Claim\1108_v2.jpg
1109,train,Valid,1,output\tm_dataset\train\Valid_Claim\1109_v1.jpg
1109,train,Valid,2,output\tm_dataset\train\Valid_Claim\1109_v2.jpg
1110,train,Invalid,1,output\tm_dataset\train\Invalid_Claim\1110_v1.jpg
1110,train,Invalid,2,output\tm_dataset\train\Invalid_Claim\1110_v2.jpg
1111,train,Invalid,1,output\tm_dataset\train\Invalid_Claim\1111_v1.jpg
1111,train,Invalid,2,output\tm_dataset\train\Invalid_Claim\1111_v2.jpg
1112,train,Invalid,1,output\tm_dataset\train\Invalid_Claim\1112_v1.jpg
1112,train,Invalid,2,output\tm_dataset\train\Invalid_Claim\1112_v2.jpg
1113,train,Valid,1,output\tm_dataset\train\Valid_Claim\1113_v1.jpg
1113,train,Valid,2,output\tm_dataset\train\Valid_Claim\1113_v2.jpg
1116,train,Valid,1,output\tm_dataset\train\Valid_Claim\1116_v1.jpg
1116,train,Valid,2,output\tm_dataset\train\Valid_Claim\1116_v2.jpg
1117,train,Invalid,1,output\tm_dataset\train\Invalid_Claim\1117_v1.jpg
1117,train,Invalid,2,output\tm_dataset\train\Invalid_Claim\1117_v2.jpg
1118,train,Valid,1,output\tm_dataset\train\Valid_Claim\1118_v1.jpg
1118,train,Valid,2,output\tm_dataset\train\Valid_Claim\1118_v2.jpg
1119,train,Valid,1,output\tm_dataset\train\Valid_Claim\1119_v1.jpg
1119,train,Valid,2,output\tm_dataset\train\Valid_Claim\1119_v2.jpg
1120,train,Valid,1,output\tm_dataset\train\Valid_Claim\1120_v1.jpg
1120,train,Valid,2,output\tm_dataset\train\Valid_Claim\1120_v2.jpg
1121,train,Valid,1,output\tm_dataset\train\Valid_Claim\1121_v1.jpg
1121,train,Valid,2,output\tm_dataset\train\Valid_Claim\1121_v2.jpg
1122,train,Invalid,1,output\tm_dataset\train\Invalid_Claim\1122_v1.jpg
1122,train,Invalid,2,output\tm_dataset\train\Invalid_Claim\1122_v2.jpg
1124,train,Valid,1,output\tm_dataset\train\Valid_Claim\1124_v1.jpg
1124,train,Valid,2,output\tm_dataset\train\Valid_Claim\1124_v2.jpg
1125,train,Invalid,1,output\tm_dataset\train\Invalid_Claim\1125_v1.jpg
1125,train,Invalid,2,output\tm_dataset\train\Invalid_Claim\1125_v2.jpg
1126,train,Invalid,1,output\tm_dataset\train\Invalid_Claim\1126_v1.jpg
1126,train,Invalid,2,output\tm_dataset\train\Invalid_Claim\1126_v2.jpg
1127,train,Invalid,1,output\tm_dataset\train\Invalid_Claim\1127_v1.jpg
1127,train,Invalid,2,output\tm_dataset\train\Invalid_Claim\1127_v2.jpg
1128,train,Invalid,1,output\tm_dataset\train\Invalid_Claim\1128_v1.jpg
1128,train,Invalid,2,output\tm_dataset\train\Invalid_Claim\1128_v2.jpg
1129,train,Invalid,1,output\tm_dataset\train\Invalid_Claim\1129_v1.jpg
1129,train,Invalid,2,output\tm_dataset\train\Invalid_Claim\1129_v2.jpg
1130,train,Valid,1,output\tm_dataset\train\Valid_Claim\1130_v1.jpg
1130,train,Valid,2,output\tm_dataset\train\Valid_Claim\1130_v2.jpg
1131,train,Invalid,1,output\tm_dataset\train\Invalid_Claim\1131_v1.jpg
1131,train,Invalid,2,output\tm_dataset\train\Invalid_Claim\1131_v2.jpg
1133,train,Manual Review,1,output\tm_dataset\train\Manual_Review\1133_v1.jpg
1133,train,Manual Review,2,output\tm_dataset\train\Manual_Review\1133_v2.jpg
1134,train,Valid,1,output\tm_dataset\train\Valid_Claim\1134_v1.jpg
1134,train,Valid,2,output\tm_dataset\train\Valid_Claim\1134_v2.jpg
1136,train,Invalid,1,output\tm_dataset\train\Invalid_Claim\1136_v1.jpg
1136,train,Invalid,2,output\tm_dataset\train\Invalid_Claim\1136_v2.jpg
1137,train,Valid,1,output\tm_dataset\train\Valid_Claim\1137_v1.jpg
1137,train,Valid,2,output\tm_dataset\train\Valid_Claim\1137_v2.jpg
1138,train,Invalid,1,output\tm_dataset\train\Invalid_Claim\1138_v1.jpg
1138,train,Invalid,2,output\tm_dataset\train\Invalid_Claim\1138_v2.jpg
1140,train,Valid,1,output\tm_dataset\train\Valid_Claim\1140_v1.jpg
1140,train,Valid,2,output\tm_dataset\train\Valid_Claim\1140_v2.jpg
1141,train,Valid,1,output\tm_dataset\train\Valid_Claim\1141_v1.jpg
1141,train,Valid,2,output\tm_dataset\train\Valid_Claim\1141_v2.jpg
1143,train,Manual Review,1,output\tm_dataset\train\Manual_Review\1143_v1.jpg
1143,train,Manual Review,2,output\tm_dataset\train\Manual_Review\1143_v2.jpg
1144,train,Valid,1,output\tm_dataset\train\Valid_Claim\1144_v1.jpg
1144,train,Valid,2,output\tm_dataset\train\Valid_Claim\1144_v2.jpg
1145,train,Manual Review,1,output\tm_dataset\train\Manual_Review\1145_v1.jpg
1145,train,Manual Review,2,output\tm_dataset\train\Manual_Review\1145_v2.jpg
1147,train,Invalid,1,output\tm_dataset\train\Invalid_Claim\1147_v1.jpg
1147,train,Invalid,2,output\tm_dataset\train\Invalid_Claim\1147_v2.jpg
1148,train,Invalid,1,output\tm_dataset\train\Invalid_Claim\1148_v1.jpg
1148,train,Invalid,2,output\tm_dataset\train\Invalid_Claim\1148_v2.jpg
1149,train,Valid,1,output\tm_dataset\train\Valid_Claim\1149_v1.jpg
1149,train,Valid,2,output\tm_dataset\train\Valid_Claim\1149_v2.jpg
1150,train,Manual Review,1,output\tm_dataset\train\Manual_Review\1150_v1.jpg
1150,train,Manual Review,2,output\tm_dataset\train\Manual_Review\1150_v2.jpg
1151,train,Invalid,1,output\tm_dataset\train\Invalid_Claim\1151_v1.jpg
1151,train,Invalid,2,output\tm_dataset\train\Invalid_Claim\1151_v2.jpg
1153,train,Invalid,1,output\tm_dataset\train\Invalid_Claim\1153_v1.jpg
1153,train,Invalid,2,output\tm_dataset\train\Invalid_Claim\1153_v2.jpg
1157,train,Manual Review,1,output\tm_dataset\train\Manual_Review\1157_v1.jpg
1157,train,Manual Review,2,output\tm_dataset\train\Manual_Review\1157_v2.jpg
1158,train,Manual Review,1,output\tm_dataset\train\Manual_Review\1158_v1.jpg
1158,train,Manual Review,2,output\tm_dataset\train\Manual_Review\1158_v2.jpg
1160,train,Valid,1,output\tm_dataset\train\Valid_Claim\1160_v1.jpg
1160,train,Valid,2,output\tm_dataset\train\Valid_Claim\1160_v2.jpg
1161,train,Manual Review,1,output\tm_dataset\train\Manual_Review\1161_v1.jpg
1161,train,Manual Review,2,output\tm_dataset\train\Manual_Review\1161_v2.jpg
1164,train,Invalid,1,output\tm_dataset\train\Invalid_Claim\1164_v1.jpg
1164,train,Invalid,2,output\tm_dataset\train\Invalid_Claim\1164_v2.jpg
1167,train,Manual Review,1,output\tm_dataset\train\Manual_Review\1167_v1.jpg
1167,train,Manual Review,2,output\tm_dataset\train\Manual_Review\1167_v2.jpg
1171,train,Manual Review,1,output\tm_dataset\train\Manual_Review\1171_v1.jpg
1171,train,Manual Review,2,output\tm_dataset\train\Manual_Review\1171_v2.jpg
1174,train,Valid,1,output\tm_dataset\train\Valid_Claim\1174_v1.jpg
1174,train,Valid,2,output\tm_dataset\train\Valid_Claim\1174_v2.jpg
1175,train,Invalid,1,output\tm_dataset\train\Invalid_Claim\1175_v1.jpg
1175,train,Invalid,2,output\tm_dataset\train\Invalid_Claim\1175_v2.jpg
1176,train,Invalid,1,output\tm_dataset\train\Invalid_Claim\1176_v1.jpg
1176,train,Invalid,2,output\tm_dataset\train\Invalid_Claim\1176_v2.jpg
1179,train,Manual Review,1,output\tm_dataset\train\Manual_Review\1179_v1.jpg
1179,train,Manual Review,2,output\tm_dataset\train\Manual_Review\1179_v2.jpg
1180,train,Invalid,1,output\tm_dataset\train\Invalid_Claim\1180_v1.jpg
1180,train,Invalid,2,output\tm_dataset\train\Invalid_Claim\1180_v2.jpg
1181,train,Valid,1,output\tm_dataset\train\Valid_Claim\1181_v1.jpg
1181,train,Valid,2,output\tm_dataset\train\Valid_Claim\1181_v2.jpg
1182,train,Invalid,1,output\tm_dataset\train\Invalid_Claim\1182_v1.jpg
1182,train,Invalid,2,output\tm_dataset\train\Invalid_Claim\1182_v2.jpg
1184,train,Manual Review,1,output\tm_dataset\train\Manual_Review\1184_v1.jpg
1184,train,Manual Review,2,output\tm_dataset\train\Manual_Review\1184_v2.jpg
1185,train,Invalid,1,output\tm_dataset\train\Invalid_Claim\1185_v1.jpg
1185,train,Invalid,2,output\tm_dataset\train\Invalid_Claim\1185_v2.jpg
1186,train,Invalid,1,output\tm_dataset\train\Invalid_Claim\1186_v1.jpg
1186,train,Invalid,2,output\tm_dataset\train\Invalid_Claim\1186_v2.jpg
1187,train,Manual Review,1,output\tm_dataset\train\Manual_Review\1187_v1.jpg
1187,train,Manual Review,2,output\tm_dataset\train\Manual_Review\1187_v2.jpg
1188,train,Invalid,1,output\tm_dataset\train\Invalid_Claim\1188_v1.jpg
1188,train,Invalid,2,output\tm_dataset\train\Invalid_Claim\1188_v2.jpg
1189,train,Manual Review,1,output\tm_dataset\train\Manual_Review\1189_v1.jpg
1189,train,Manual Review,2,output\tm_dataset\train\Manual_Review\1189_v2.jpg
1190,train,Manual Review,1,output\tm_dataset\train\Manual_Review\1190_v1.jpg
1190,train,Manual Review,2,output\tm_dataset\train\Manual_Review\1190_v2.jpg
1191,train,Manual Review,1,output\tm_dataset\train\Manual_Review\1191_v1.jpg
1191,train,Manual Review,2,output\tm_dataset\train\Manual_Review\1191_v2.jpg
1192,train,Valid,1,output\tm_dataset\train\Valid_Claim\1192_v1.jpg
1192,train,Valid,2,output\tm_dataset\train\Valid_Claim\1192_v2.jpg
1193,train,Valid,1,output\tm_dataset\train\Valid_Claim\1193_v1.jpg
1193,train,Valid,2,output\tm_dataset\train\Valid_Claim\1193_v2.jpg
1194,train,Manual Review,1,output\tm_dataset\train\Manual_Review\1194_v1.jpg
1194,train,Manual Review,2,output\tm_dataset\train\Manual_Review\1194_v2.jpg
1195,train,Manual Review,1,output\tm_dataset\train\Manual_Review\1195_v1.jpg
1195,train,Manual Review,2,output\tm_dataset\train\Manual_Review\1195_v2.jpg
1196,train,Manual Review,1,output\tm_dataset\train\Manual_Review\1196_v1.jpg
1196,train,Manual Review,2,output\tm_dataset\train\Manual_Review\1196_v2.jpg
1197,train,Valid,1,output\tm_dataset\train\Valid_Claim\1197_v1.jpg
1197,train,Valid,2,output\tm_dataset\train\Valid_Claim\1197_v2.jpg
1198,train,Invalid,1,output\tm_dataset\train\Invalid_Claim\1198_v1.jpg
1198,train,Invalid,2,output\tm_dataset\train\Invalid_Claim\1198_v2.jpg
1199,train,Invalid,1,output\tm_dataset\train\Invalid_Claim\1199_v1.jpg
1199,train,Invalid,2,output\tm_dataset\train\Invalid_Claim\1199_v2.jpg
1200,train,Invalid,1,output\tm_dataset\train\Invalid_Claim\1200_v1.jpg
1200,train,Invalid,2,output\tm_dataset\train\Invalid_Claim\1200_v2.jpg
1201,train,Invalid,1,output\tm_dataset\train\Invalid_Claim\1201_v1.jpg
1201,train,Invalid,2,output\tm_dataset\train\Invalid_Claim\1201_v2.jpg
1204,train,Invalid,1,output\tm_dataset\train\Invalid_Claim\1204_v1.jpg
1204,train,Invalid,2,output\tm_dataset\train\Invalid_Claim\1204_v2.jpg
1206,train,Invalid,1,output\tm_dataset\train\Invalid_Claim\1206_v1.jpg
1206,train,Invalid,2,output\tm_dataset\train\Invalid_Claim\1206_v2.jpg
1207,train,Invalid,1,output\tm_dataset\train\Invalid_Claim\1207_v1.jpg
1207,train,Invalid,2,output\tm_dataset\train\Invalid_Claim\1207_v2.jpg
1208,train,Invalid,1,output\tm_dataset\train\Invalid_Claim\1208_v1.jpg
1208,train,Invalid,2,output\tm_dataset\train\Invalid_Claim\1208_v2.jpg
1209,train,Invalid,1,output\tm_dataset\train\Invalid_Claim\1209_v1.jpg
1209,train,Invalid,2,output\tm_dataset\train\Invalid_Claim\1209_v2.jpg
1210,train,Valid,1,output\tm_dataset\train\Valid_Claim\1210_v1.jpg
1210,train,Valid,2,output\tm_dataset\train\Valid_Claim\1210_v2.jpg
1211,train,Invalid,1,output\tm_dataset\train\Invalid_Claim\1211_v1.jpg
1211,train,Invalid,2,output\tm_dataset\train\Invalid_Claim\1211_v2.jpg
1213,train,Manual Review,1,output\tm_dataset\train\Manual_Review\1213_v1.jpg
1213,train,Manual Review,2,output\tm_dataset\train\Manual_Review\1213_v2.jpg
1214,train,Valid,1,output\tm_dataset\train\Valid_Claim\1214_v1.jpg
1214,train,Valid,2,output\tm_dataset\train\Valid_Claim\1214_v2.jpg
1216,train,Invalid,1,output\tm_dataset\train\Invalid_Claim\1216_v1.jpg
1216,train,Invalid,2,output\tm_dataset\train\Invalid_Claim\1216_v2.jpg
1217,train,Invalid,1,output\tm_dataset\train\Invalid_Claim\1217_v1.jpg
1217,train,Invalid,2,output\tm_dataset\train\Invalid_Claim\1217_v2.jpg
1218,train,Valid,1,output\tm_dataset\train\Valid_Claim\1218_v1.jpg
1218,train,Valid,2,output\tm_dataset\train\Valid_Claim\1218_v2.jpg
1219,train,Valid,1,output\tm_dataset\train\Valid_Claim\1219_v1.jpg
1219,train,Valid,2,output\tm_dataset\train\Valid_Claim\1219_v2.jpg
1220,train,Invalid,1,output\tm_dataset\train\Invalid_Claim\1220_v1.jpg
1220,train,Invalid,2,output\tm_dataset\train\Invalid_Claim\1220_v2.jpg
1224,train,Valid,1,output\tm_dataset\train\Valid_Claim\1224_v1.jpg
1224,train,Valid,2,output\tm_dataset\train\Valid_Claim\1224_v2.jpg
1225,train,Invalid,1,output\tm_dataset\train\Invalid_Claim\1225_v1.jpg
1225,train,Invalid,2,output\tm_dataset\train\Invalid_Claim\1225_v2.jpg
1226,train,Invalid,1,output\tm_dataset\train\Invalid_Claim\1226_v1.jpg
1226,train,Invalid,2,output\tm_dataset\train\Invalid_Claim\1226_v2.jpg
1227,train,Valid,1,output\tm_dataset\train\Valid_Claim\1227_v1.jpg
1227,train,Valid,2,output\tm_dataset\train\Valid_Claim\1227_v2.jpg
1228,train,Invalid,1,output\tm_dataset\train\Invalid_Claim\1228_v1.jpg
1228,train,Invalid,2,output\tm_dataset\train\Invalid_Claim\1228_v2.jpg
1231,train,Invalid,1,output\tm_dataset\train\Invalid_Claim\1231_v1.jpg
1231,train,Invalid,2,output\tm_dataset\train\Invalid_Claim\1231_v2.jpg
1232,train,Manual Review,1,output\tm_dataset\train\Manual_Review\1232_v1.jpg
1232,train,Manual Review,2,output\tm_dataset\train\Manual_Review\1232_v2.jpg
1233,train,Invalid,1,output\tm_dataset\train\Invalid_Claim\1233_v1.jpg
1233,train,Invalid,2,output\tm_dataset\train\Invalid_Claim\1233_v2.jpg
1234,train,Manual Review,1,output\tm_dataset\train\Manual_Review\1234_v1.jpg
1234,train,Manual Review,2,output\tm_dataset\train\Manual_Review\1234_v2.jpg
1236,train,Invalid,1,output\tm_dataset\train\Invalid_Claim\1236_v1.jpg
1236,train,Invalid,2,output\tm_dataset\train\Invalid_Claim\1236_v2.jpg
1237,train,Invalid,1,output\tm_dataset\train\Invalid_Claim\1237_v1.jpg
1237,train,Invalid,2,output\tm_dataset\train\Invalid_Claim\1237_v2.jpg
1238,train,Invalid,1,output\tm_dataset\train\Invalid_Claim\1238_v1.jpg
1238,train,Invalid,2,output\tm_dataset\train\Invalid_Claim\1238_v2.jpg
1240,train,Valid,1,output\tm_dataset\train\Valid_Claim\1240_v1.jpg
1240,train,Valid,2,output\tm_dataset\train\Valid_Claim\1240_v2.jpg
1241,train,Invalid,1,output\tm_dataset\train\Invalid_Claim\1241_v1.jpg
1241,train,Invalid,2,output\tm_dataset\train\Invalid_Claim\1241_v2.jpg
1245,train,Manual Review,1,output\tm_dataset\train\Manual_Review\1245_v1.jpg
1245,train,Manual Review,2,output\tm_dataset\train\Manual_Review\1245_v2.jpg
1246,train,Invalid,1,output\tm_dataset\train\Invalid_Claim\1246_v1.jpg
1246,train,Invalid,2,output\tm_dataset\train\Invalid_Claim\1246_v2.jpg
1249,train,Manual Review,1,output\tm_dataset\train\Manual_Review\1249_v1.jpg
1249,train,Manual Review,2,output\tm_dataset\train\Manual_Review\1249_v2.jpg
1253,train,Valid,1,output\tm_dataset\train\Valid_Claim\1253_v1.jpg
1253,train,Valid,2,output\tm_dataset\train\Valid_Claim\1253_v2.jpg
1257,train,Manual Review,1,output\tm_dataset\train\Manual_Review\1257_v1.jpg
1257,train,Manual Review,2,output\tm_dataset\train\Manual_Review\1257_v2.jpg
1258,train,Valid,1,output\tm_dataset\train\Valid_Claim\1258_v1.jpg
1258,train,Valid,2,output\tm_dataset\train\Valid_Claim\1258_v2.jpg
1259,train,Invalid,1,output\tm_dataset\train\Invalid_Claim\1259_v1.jpg
1259,train,Invalid,2,output\tm_dataset\train\Invalid_Claim\1259_v2.jpg
1260,train,Valid,1,output\tm_dataset\train\Valid_Claim\1260_v1.jpg
1260,train,Valid,2,output\tm_dataset\train\Valid_Claim\1260_v2.jpg
1261,train,Valid,1,output\tm_dataset\train\Valid_Claim\1261_v1.jpg
1261,train,Valid,2,output\tm_dataset\train\Valid_Claim\1261_v2.jpg
1264,train,Valid,1,output\tm_dataset\train\Valid_Claim\1264_v1.jpg
1264,train,Valid,2,output\tm_dataset\train\Valid_Claim\1264_v2.jpg
1266,train,Manual Review,1,output\tm_dataset\train\Manual_Review\1266_v1.jpg
1266,train,Manual Review,2,output\tm_dataset\train\Manual_Review\1266_v2.jpg
1268,train,Manual Review,1,output\tm_dataset\train\Manual_Review\1268_v1.jpg
1268,train,Manual Review,2,output\tm_dataset\train\Manual_Review\1268_v2.jpg
1269,train,Valid,1,output\tm_dataset\train\Valid_Claim\1269_v1.jpg
1269,train,Valid,2,output\tm_dataset\train\Valid_Claim\1269_v2.jpg
1271,train,Manual Review,1,output\tm_dataset\train\Manual_Review\1271_v1.jpg
1271,train,Manual Review,2,output\tm_dataset\train\Manual_Review\1271_v2.jpg
1274,train,Manual Review,1,output\tm_dataset\train\Manual_Review\1274_v1.jpg
1274,train,Manual Review,2,output\tm_dataset\train\Manual_Review\1274_v2.jpg
1276,train,Invalid,1,output\tm_dataset\train\Invalid_Claim\1276_v1.jpg
1276,train,Invalid,2,output\tm_dataset\train\Invalid_Claim\1276_v2.jpg
1277,train,Manual Review,1,output\tm_dataset\train\Manual_Review\1277_v1.jpg
1277,train,Manual Review,2,output\tm_dataset\train\Manual_Review\1277_v2.jpg
1278,train,Valid,1,output\tm_dataset\train\Valid_Claim\1278_v1.jpg
1278,train,Valid,2,output\tm_dataset\train\Valid_Claim\1278_v2.jpg
1279,train,Valid,1,output\tm_dataset\train\Valid_Claim\1279_v1.jpg
1279,train,Valid,2,output\tm_dataset\train\Valid_Claim\1279_v2.jpg
1281,train,Invalid,1,output\tm_dataset\train\Invalid_Claim\1281_v1.jpg
1281,train,Invalid,2,output\tm_dataset\train\Invalid_Claim\1281_v2.jpg
1283,train,Manual Review,1,output\tm_dataset\train\Manual_Review\1283_v1.jpg
1283,train,Manual Review,2,output\tm_dataset\train\Manual_Review\1283_v2.jpg
1284,train,Invalid,1,output\tm_dataset\train\Invalid_Claim\1284_v1.jpg
1284,train,Invalid,2,output\tm_dataset\train\Invalid_Claim\1284_v2.jpg
1285,train,Valid,1,output\tm_dataset\train\Valid_Claim\1285_v1.jpg
1285,train,Valid,2,output\tm_dataset\train\Valid_Claim\1285_v2.jpg
1289,train,Invalid,1,output\tm_dataset\train\Invalid_Claim\1289_v1.jpg
1289,train,Invalid,2,output\tm_dataset\train\Invalid_Claim\1289_v2.jpg
1290,train,Valid,1,output\tm_dataset\train\Valid_Claim\1290_v1.jpg
1290,train,Valid,2,output\tm_dataset\train\Valid_Claim\1290_v2.jpg
1291,train,Manual Review,1,output\tm_dataset\train\Manual_Review\1291_v1.jpg
1291,train,Manual Review,2,output\tm_dataset\train\Manual_Review\1291_v2.jpg
1292,train,Valid,1,output\tm_dataset\train\Valid_Claim\1292_v1.jpg
1292,train,Valid,2,output\tm_dataset\train\Valid_Claim\1292_v2.jpg
1293,train,Valid,1,output\tm_dataset\train\Valid_Claim\1293_v1.jpg
1293,train,Valid,2,output\tm_dataset\train\Valid_Claim\1293_v2.jpg
1294,train,Valid,1,output\tm_dataset\train\Valid_Claim\1294_v1.jpg
1294,train,Valid,2,output\tm_dataset\train\Valid_Claim\1294_v2.jpg
1295,train,Manual Review,1,output\tm_dataset\train\Manual_Review\1295_v1.jpg
1295,train,Manual Review,2,output\tm_dataset\train\Manual_Review\1295_v2.jpg
1296,train,Invalid,1,output\tm_dataset\train\Invalid_Claim\1296_v1.jpg
1296,train,Invalid,2,output\tm_dataset\train\Invalid_Claim\1296_v2.jpg
1297,train,Valid,1,output\tm_dataset\train\Valid_Claim\1297_v1.jpg
1297,train,Valid,2,output\tm_dataset\train\Valid_Claim\1297_v2.jpg
1298,train,Invalid,1,output\tm_dataset\train\Invalid_Claim\1298_v1.jpg
1298,train,Invalid,2,output\tm_dataset\train\Invalid_Claim\1298_v2.jpg
1299,train,Invalid,1,output\tm_dataset\train\Invalid_Claim\1299_v1.jpg
1299,train,Invalid,2,output\tm_dataset\train\Invalid_Claim\1299_v2.jpg
1300,train,Valid,1,output\tm_dataset\train\Valid_Claim\1300_v1.jpg
1300,train,Valid,2,output\tm_dataset\train\Valid_Claim\1300_v2.jpg
1301,train,Valid,1,output\tm_dataset\train\Valid_Claim\1301_v1.jpg
1301,train,Valid,2,output\tm_dataset\train\Valid_Claim\1301_v2.jpg
1302,train,Invalid,1,output\tm_dataset\train\Invalid_Claim\1302_v1.jpg
1302,train,Invalid,2,output\tm_dataset\train\Invalid_Claim\1302_v2.jpg
1305,train,Invalid,1,output\tm_dataset\train\Invalid_Claim\1305_v1.jpg
1305,train,Invalid,2,output\tm_dataset\train\Invalid_Claim\1305_v2.jpg
1307,train,Valid,1,output\tm_dataset\train\Valid_Claim\1307_v1.jpg
1307,train,Valid,2,output\tm_dataset\train\Valid_Claim\1307_v2.jpg
1309,train,Manual Review,1,output\tm_dataset\train\Manual_Review\1309_v1.jpg
1309,train,Manual Review,2,output\tm_dataset\train\Manual_Review\1309_v2.jpg
1311,train,Invalid,1,output\tm_dataset\train\Invalid_Claim\1311_v1.jpg
1311,train,Invalid,2,output\tm_dataset\train\Invalid_Claim\1311_v2.jpg
1312,train,Valid,1,output\tm_dataset\train\Valid_Claim\1312_v1.jpg
1312,train,Valid,2,output\tm_dataset\train\Valid_Claim\1312_v2.jpg
1313,train,Valid,1,output\tm_dataset\train\Valid_Claim\1313_v1.jpg
1313,train,Valid,2,output\tm_dataset\train\Valid_Claim\1313_v2.jpg
1314,train,Manual Review,1,output\tm_dataset\train\Manual_Review\1314_v1.jpg
1314,train,Manual Review,2,output\tm_dataset\train\Manual_Review\1314_v2.jpg
1315,train,Valid,1,output\tm_dataset\train\Valid_Claim\1315_v1.jpg
1315,train,Valid,2,output\tm_dataset\train\Valid_Claim\1315_v2.jpg
1316,train,Manual Review,1,output\tm_dataset\train\Manual_Review\1316_v1.jpg
1316,train,Manual Review,2,output\tm_dataset\train\Manual_Review\1316_v2.jpg
1320,train,Manual Review,1,output\tm_dataset\train\Manual_Review\1320_v1.jpg
1320,train,Manual Review,2,output\tm_dataset\train\Manual_Review\1320_v2.jpg
1321,train,Manual Review,1,output\tm_dataset\train\Manual_Review\1321_v1.jpg
1321,train,Manual Review,2,output\tm_dataset\train\Manual_Review\1321_v2.jpg
1322,train,Invalid,1,output\tm_dataset\train\Invalid_Claim\1322_v1.jpg
1322,train,Invalid,2,output\tm_dataset\train\Invalid_Claim\1322_v2.jpg
1324,train,Valid,1,output\tm_dataset\train\Valid_Claim\1324_v1.jpg
1324,train,Valid,2,output\tm_dataset\train\Valid_Claim\1324_v2.jpg
1325,train,Valid,1,output\tm_dataset\train\Valid_Claim\1325_v1.jpg
1325,train,Valid,2,output\tm_dataset\train\Valid_Claim\1325_v2.jpg
1326,train,Valid,1,output\tm_dataset\train\Valid_Claim\1326_v1.jpg
1326,train,Valid,2,output\tm_dataset\train\Valid_Claim\1326_v2.jpg
1328,train,Valid,1,output\tm_dataset\train\Valid_Claim\1328_v1.jpg
1328,train,Valid,2,output\tm_dataset\train\Valid_Claim\1328_v2.jpg
1330,train,Valid,1,output\tm_dataset\train\Valid_Claim\1330_v1.jpg
1330,train,Valid,2,output\tm_dataset\train\Valid_Claim\1330_v2.jpg
1331,train,Valid,1,output\tm_dataset\train\Valid_Claim\1331_v1.jpg
1331,train,Valid,2,output\tm_dataset\train\Valid_Claim\1331_v2.jpg
1332,train,Invalid,1,output\tm_dataset\train\Invalid_Claim\1332_v1.jpg
1332,train,Invalid,2,output\tm_dataset\train\Invalid_Claim\1332_v2.jpg
1333,train,Invalid,1,output\tm_dataset\train\Invalid_Claim\1333_v1.jpg
1333,train,Invalid,2,output\tm_dataset\train\Invalid_Claim\1333_v2.jpg
1334,train,Valid,1,output\tm_dataset\train\Valid_Claim\1334_v1.jpg
1334,train,Valid,2,output\tm_dataset\train\Valid_Claim\1334_v2.jpg
1336,train,Valid,1,output\tm_dataset\train\Valid_Claim\1336_v1.jpg
1336,train,Valid,2,output\tm_dataset\train\Valid_Claim\1336_v2.jpg
1337,train,Manual Review,1,output\tm_dataset\train\Manual_Review\1337_v1.jpg
1337,train,Manual Review,2,output\tm_dataset\train\Manual_Review\1337_v2.jpg
1338,train,Manual Review,1,output\tm_dataset\train\Manual_Review\1338_v1.jpg
1338,train,Manual Review,2,output\tm_dataset\train\Manual_Review\1338_v2.jpg
1339,train,Manual Review,1,output\tm_dataset\train\Manual_Review\1339_v1.jpg
1339,train,Manual Review,2,output\tm_dataset\train\Manual_Review\1339_v2.jpg
1340,train,Valid,1,output\tm_dataset\train\Valid_Claim\1340_v1.jpg
1340,train,Valid,2,output\tm_dataset\train\Valid_Claim\1340_v2.jpg
1341,train,Valid,1,output\tm_dataset\train\Valid_Claim\1341_v1.jpg
1341,train,Valid,2,output\tm_dataset\train\Valid_Claim\1341_v2.jpg
1342,train,Invalid,1,output\tm_dataset\train\Invalid_Claim\1342_v1.jpg
1342,train,Invalid,2,output\tm_dataset\train\Invalid_Claim\1342_v2.jpg
1343,train,Valid,1,output\tm_dataset\train\Valid_Claim\1343_v1.jpg
1343,train,Valid,2,output\tm_dataset\train\Valid_Claim\1343_v2.jpg
1344,train,Valid,1,output\tm_dataset\train\Valid_Claim\1344_v1.jpg
1344,train,Valid,2,output\tm_dataset\train\Valid_Claim\1344_v2.jpg
1345,train,Invalid,1,output\tm_dataset\train\Invalid_Claim\1345_v1.jpg
1345,train,Invalid,2,output\tm_dataset\train\Invalid_Claim\1345_v2.jpg
1346,train,Manual Review,1,output\tm_dataset\train\Manual_Review\1346_v1.jpg
1346,train,Manual Review,2,output\tm_dataset\train\Manual_Review\1346_v2.jpg
1348,train,Invalid,1,output\tm_dataset\train\Invalid_Claim\1348_v1.jpg
1348,train,Invalid,2,output\tm_dataset\train\Invalid_Claim\1348_v2.jpg
1349,train,Manual Review,1,output\tm_dataset\train\Manual_Review\1349_v1.jpg
1349,train,Manual Review,2,output\tm_dataset\train\Manual_Review\1349_v2.jpg
1350,train,Invalid,1,output\tm_dataset\train\Invalid_Claim\1350_v1.jpg
1350,train,Invalid,2,output\tm_dataset\train\Invalid_Claim\1350_v2.jpg
1351,train,Invalid,1,output\tm_dataset\train\Invalid_Claim\1351_v1.jpg
1351,train,Invalid,2,output\tm_dataset\train\Invalid_Claim\1351_v2.jpg
1353,train,Valid,1,output\tm_dataset\train\Valid_Claim\1353_v1.jpg
1353,train,Valid,2,output\tm_dataset\train\Valid_Claim\1353_v2.jpg
1355,train,Manual Review,1,output\tm_dataset\train\Manual_Review\1355_v1.jpg
1355,train,Manual Review,2,output\tm_dataset\train\Manual_Review\1355_v2.jpg
1357,train,Valid,1,output\tm_dataset\train\Valid_Claim\1357_v1.jpg
1357,train,Valid,2,output\tm_dataset\train\Valid_Claim\1357_v2.jpg
1359,train,Valid,1,output\tm_dataset\train\Valid_Claim\1359_v1.jpg
1359,train,Valid,2,output\tm_dataset\train\Valid_Claim\1359_v2.jpg
1362,train,Manual Review,1,output\tm_dataset\train\Manual_Review\1362_v1.jpg
1362,train,Manual Review,2,output\tm_dataset\train\Manual_Review\1362_v2.jpg
1364,train,Valid,1,output\tm_dataset\train\Valid_Claim\1364_v1.jpg
1364,train,Valid,2,output\tm_dataset\train\Valid_Claim\1364_v2.jpg
1365,train,Manual Review,1,output\tm_dataset\train\Manual_Review\1365_v1.jpg
1365,train,Manual Review,2,output\tm_dataset\train\Manual_Review\1365_v2.jpg
1366,train,Valid,1,output\tm_dataset\train\Valid_Claim\1366_v1.jpg
1366,train,Valid,2,output\tm_dataset\train\Valid_Claim\1366_v2.jpg
1370,train,Manual Review,1,output\tm_dataset\train\Manual_Review\1370_v1.jpg
1370,train,Manual Review,2,output\tm_dataset\train\Manual_Review\1370_v2.jpg
1371,train,Valid,1,output\tm_dataset\train\Valid_Claim\1371_v1.jpg
1371,train,Valid,2,output\tm_dataset\train\Valid_Claim\1371_v2.jpg
1372,train,Manual Review,1,output\tm_dataset\train\Manual_Review\1372_v1.jpg
1372,train,Manual Review,2,output\tm_dataset\train\Manual_Review\1372_v2.jpg
1373,train,Invalid,1,output\tm_dataset\train\Invalid_Claim\1373_v1.jpg
1373,train,Invalid,2,output\tm_dataset\train\Invalid_Claim\1373_v2.jpg
1374,train,Invalid,1,output\tm_dataset\train\Invalid_Claim\1374_v1.jpg
1374,train,Invalid,2,output\tm_dataset\train\Invalid_Claim\1374_v2.jpg
1375,train,Valid,1,output\tm_dataset\train\Valid_Claim\1375_v1.jpg
1375,train,Valid,2,output\tm_dataset\train\Valid_Claim\1375_v2.jpg
1376,train,Invalid,1,output\tm_dataset\train\Invalid_Claim\1376_v1.jpg
1376,train,Invalid,2,output\tm_dataset\train\Invalid_Claim\1376_v2.jpg
1377,train,Manual Review,1,output\tm_dataset\train\Manual_Review\1377_v1.jpg
1377,train,Manual Review,2,output\tm_dataset\train\Manual_Review\1377_v2.jpg
1379,train,Invalid,1,output\tm_dataset\train\Invalid_Claim\1379_v1.jpg
1379,train,Invalid,2,output\tm_dataset\train\Invalid_Claim\1379_v2.jpg
1380,train,Valid,1,output\tm_dataset\train\Valid_Claim\1380_v1.jpg
1380,train,Valid,2,output\tm_dataset\train\Valid_Claim\1380_v2.jpg
1381,train,Invalid,1,output\tm_dataset\train\Invalid_Claim\1381_v1.jpg
1381,train,Invalid,2,output\tm_dataset\train\Invalid_Claim\1381_v2.jpg
1383,train,Manual Review,1,output\tm_dataset\train\Manual_Review\1383_v1.jpg
1383,train,Manual Review,2,output\tm_dataset\train\Manual_Review\1383_v2.jpg
1384,train,Valid,1,output\tm_dataset\train\Valid_Claim\1384_v1.jpg
1384,train,Valid,2,output\tm_dataset\train\Valid_Claim\1384_v2.jpg
1385,train,Invalid,1,output\tm_dataset\train\Invalid_Claim\1385_v1.jpg
1385,train,Invalid,2,output\tm_dataset\train\Invalid_Claim\1385_v2.jpg
1387,train,Manual Review,1,output\tm_dataset\train\Manual_Review\1387_v1.jpg
1387,train,Manual Review,2,output\tm_dataset\train\Manual_Review\1387_v2.jpg
1389,train,Invalid,1,output\tm_dataset\train\Invalid_Claim\1389_v1.jpg
1389,train,Invalid,2,output\tm_dataset\train\Invalid_Claim\1389_v2.jpg
1391,train,Manual Review,1,output\tm_dataset\train\Manual_Review\1391_v1.jpg
1391,train,Manual Review,2,output\tm_dataset\train\Manual_Review\1391_v2.jpg
1392,train,Invalid,1,output\tm_dataset\train\Invalid_Claim\1392_v1.jpg
1392,train,Invalid,2,output\tm_dataset\train\Invalid_Claim\1392_v2.jpg
1393,train,Manual Review,1,output\tm_dataset\train\Manual_Review\1393_v1.jpg
1393,train,Manual Review,2,output\tm_dataset\train\Manual_Review\1393_v2.jpg
1394,train,Valid,1,output\tm_dataset\train\Valid_Claim\1394_v1.jpg
1394,train,Valid,2,output\tm_dataset\train\Valid_Claim\1394_v2.jpg
1395,train,Valid,1,output\tm_dataset\train\Valid_Claim\1395_v1.jpg
1395,train,Valid,2,output\tm_dataset\train\Valid_Claim\1395_v2.jpg
1397,train,Invalid,1,output\tm_dataset\train\Invalid_Claim\1397_v1.jpg
1397,train,Invalid,2,output\tm_dataset\train\Invalid_Claim\1397_v2.jpg
1398,train,Invalid,1,output\tm_dataset\train\Invalid_Claim\1398_v1.jpg
1398,train,Invalid,2,output\tm_dataset\train\Invalid_Claim\1398_v2.jpg
1401,train,Valid,1,output\tm_dataset\train\Valid_Claim\1401_v1.jpg
1401,train,Valid,2,output\tm_dataset\train\Valid_Claim\1401_v2.jpg
1402,train,Invalid,1,output\tm_dataset\train\Invalid_Claim\1402_v1.jpg
1402,train,Invalid,2,output\tm_dataset\train\Invalid_Claim\1402_v2.jpg
1403,train,Manual Review,1,output\tm_dataset\train\Manual_Review\1403_v1.jpg
1403,train,Manual Review,2,output\tm_dataset\train\Manual_Review\1403_v2.jpg
1404,train,Valid,1,output\tm_dataset\train\Valid_Claim\1404_v1.jpg
1404,train,Valid,2,output\tm_dataset\train\Valid_Claim\1404_v2.jpg
1405,train,Valid,1,output\tm_dataset\train\Valid_Claim\1405_v1.jpg
1405,train,Valid,2,output\tm_dataset\train\Valid_Claim\1405_v2.jpg
1406,train,Invalid,1,output\tm_dataset\train\Invalid_Claim\1406_v1.jpg
1406,train,Invalid,2,output\tm_dataset\train\Invalid_Claim\1406_v2.jpg
1407,train,Valid,1,output\tm_dataset\train\Valid_Claim\1407_v1.jpg
1407,train,Valid,2,output\tm_dataset\train\Valid_Claim\1407_v2.jpg
1408,train,Valid,1,output\tm_dataset\train\Valid_Claim\1408_v1.jpg
1408,train,Valid,2,output\tm_dataset\train\Valid_Claim\1408_v2.jpg
1410,train,Valid,1,output\tm_dataset\train\Valid_Claim\1410_v1.jpg
1410,train,Valid,2,output\tm_dataset\train\Valid_Claim\1410_v2.jpg
1412,train,Manual Review,1,output\tm_dataset\train\Manual_Review\1412_v1.jpg
1412,train,Manual Review,2,output\tm_dataset\train\Manual_Review\1412_v2.jpg
1413,train,Manual Review,1,output\tm_dataset\train\Manual_Review\1413_v1.jpg
1413,train,Manual Review,2,output\tm_dataset\train\Manual_Review\1413_v2.jpg
1414,train,Manual Review,1,output\tm_dataset\train\Manual_Review\1414_v1.jpg
1414,train,Manual Review,2,output\tm_dataset\train\Manual_Review\1414_v2.jpg
1417,train,Valid,1,output\tm_dataset\train\Valid_Claim\1417_v1.jpg
1417,train,Valid,2,output\tm_dataset\train\Valid_Claim\1417_v2.jpg
1418,train,Valid,1,output\tm_dataset\train\Valid_Claim\1418_v1.jpg
1418,train,Valid,2,output\tm_dataset\train\Valid_Claim\1418_v2.jpg
1419,train,Invalid,1,output\tm_dataset\train\Invalid_Claim\1419_v1.jpg
1419,train,Invalid,2,output\tm_dataset\train\Invalid_Claim\1419_v2.jpg
1420,train,Valid,1,output\tm_dataset\train\Valid_Claim\1420_v1.jpg
1420,train,Valid,2,output\tm_dataset\train\Valid_Claim\1420_v2.jpg
1421,train,Valid,1,output\tm_dataset\train\Valid_Claim\1421_v1.jpg
1421,train,Valid,2,output\tm_dataset\train\Valid_Claim\1421_v2.jpg
1422,train,Invalid,1,output\tm_dataset\train\Invalid_Claim\1422_v1.jpg
1422,train,Invalid,2,output\tm_dataset\train\Invalid_Claim\1422_v2.jpg
1423,train,Manual Review,1,output\tm_dataset\train\Manual_Review\1423_v1.jpg
1423,train,Manual Review,2,output\tm_dataset\train\Manual_Review\1423_v2.jpg
1424,train,Valid,1,output\tm_dataset\train\Valid_Claim\1424_v1.jpg
1424,train,Valid,2,output\tm_dataset\train\Valid_Claim\1424_v2.jpg
1425,train,Valid,1,output\tm_dataset\train\Valid_Claim\1425_v1.jpg
1425,train,Valid,2,output\tm_dataset\train\Valid_Claim\1425_v2.jpg
1426,train,Manual Review,1,output\tm_dataset\train\Manual_Review\1426_v1.jpg
1426,train,Manual Review,2,output\tm_dataset\train\Manual_Review\1426_v2.jpg
1427,train,Invalid,1,output\tm_dataset\train\Invalid_Claim\1427_v1.jpg
1427,train,Invalid,2,output\tm_dataset\train\Invalid_Claim\1427_v2.jpg
1428,train,Manual Review,1,output\tm_dataset\train\Manual_Review\1428_v1.jpg
1428,train,Manual Review,2,output\tm_dataset\train\Manual_Review\1428_v2.jpg
1429,train,Valid,1,output\tm_dataset\train\Valid_Claim\1429_v1.jpg
1429,train,Valid,2,output\tm_dataset\train\Valid_Claim\1429_v2.jpg
1430,train,Manual Review,1,output\tm_dataset\train\Manual_Review\1430_v1.jpg
1430,train,Manual Review,2,output\tm_dataset\train\Manual_Review\1430_v2.jpg
1433,train,Manual Review,1,output\tm_dataset\train\Manual_Review\1433_v1.jpg
1433,train,Manual Review,2,output\tm_dataset\train\Manual_Review\1433_v2.jpg
1435,train,Manual Review,1,output\tm_dataset\train\Manual_Review\1435_v1.jpg
1435,train,Manual Review,2,output\tm_dataset\train\Manual_Review\1435_v2.jpg
1436,train,Invalid,1,output\tm_dataset\train\Invalid_Claim\1436_v1.jpg
1436,train,Invalid,2,output\tm_dataset\train\Invalid_Claim\1436_v2.jpg
1437,train,Manual Review,1,output\tm_dataset\train\Manual_Review\1437_v1.jpg
1437,train,Manual Review,2,output\tm_dataset\train\Manual_Review\1437_v2.jpg
1439,train,Invalid,1,output\tm_dataset\train\Invalid_Claim\1439_v1.jpg
1439,train,Invalid,2,output\tm_dataset\train\Invalid_Claim\1439_v2.jpg
1440,train,Valid,1,output\tm_dataset\train\Valid_Claim\1440_v1.jpg
1440,train,Valid,2,output\tm_dataset\train\Valid_Claim\1440_v2.jpg
1444,train,Invalid,1,output\tm_dataset\train\Invalid_Claim\1444_v1.jpg
1444,train,Invalid,2,output\tm_dataset\train\Invalid_Claim\1444_v2.jpg
1445,train,Manual Review,1,output\tm_dataset\train\Manual_Review\1445_v1.jpg
1445,train,Manual Review,2,output\tm_dataset\train\Manual_Review\1445_v2.jpg
1446,train,Valid,1,output\tm_dataset\train\Valid_Claim\1446_v1.jpg
1446,train,Valid,2,output\tm_dataset\train\Valid_Claim\1446_v2.jpg
1450,train,Invalid,1,output\tm_dataset\train\Invalid_Claim\1450_v1.jpg
1450,train,Invalid,2,output\tm_dataset\train\Invalid_Claim\1450_v2.jpg
1451,train,Valid,1,output\tm_dataset\train\Valid_Claim\1451_v1.jpg
1451,train,Valid,2,output\tm_dataset\train\Valid_Claim\1451_v2.jpg
1455,train,Valid,1,output\tm_dataset\train\Valid_Claim\1455_v1.jpg
1455,train,Valid,2,output\tm_dataset\train\Valid_Claim\1455_v2.jpg
1456,train,Manual Review,1,output\tm_dataset\train\Manual_Review\1456_v1.jpg
1456,train,Manual Review,2,output\tm_dataset\train\Manual_Review\1456_v2.jpg
1457,train,Manual Review,1,output\tm_dataset\train\Manual_Review\1457_v1.jpg
1457,train,Manual Review,2,output\tm_dataset\train\Manual_Review\1457_v2.jpg
1460,train,Invalid,1,output\tm_dataset\train\Invalid_Claim\1460_v1.jpg
1460,train,Invalid,2,output\tm_dataset\train\Invalid_Claim\1460_v2.jpg
1462,train,Manual Review,1,output\tm_dataset\train\Manual_Review\1462_v1.jpg
1462,train,Manual Review,2,output\tm_dataset\train\Manual_Review\1462_v2.jpg
1463,train,Invalid,1,output\tm_dataset\train\Invalid_Claim\1463_v1.jpg
1463,train,Invalid,2,output\tm_dataset\train\Invalid_Claim\1463_v2.jpg
1465,train,Invalid,1,output\tm_dataset\train\Invalid_Claim\1465_v1.jpg
1465,train,Invalid,2,output\tm_dataset\train\Invalid_Claim\1465_v2.jpg
1466,train,Valid,1,output\tm_dataset\train\Valid_Claim\1466_v1.jpg
1466,train,Valid,2,output\tm_dataset\train\Valid_Claim\1466_v2.jpg
1468,train,Valid,1,output\tm_dataset\train\Valid_Claim\1468_v1.jpg
1468,train,Valid,2,output\tm_dataset\train\Valid_Claim\1468_v2.jpg
1469,train,Manual Review,1,output\tm_dataset\train\Manual_Review\1469_v1.jpg
1469,train,Manual Review,2,output\tm_dataset\train\Manual_Review\1469_v2.jpg
1471,train,Invalid,1,output\tm_dataset\train\Invalid_Claim\1471_v1.jpg
1471,train,Invalid,2,output\tm_dataset\train\Invalid_Claim\1471_v2.jpg
1473,train,Invalid,1,output\tm_dataset\train\Invalid_Claim\1473_v1.jpg
1473,train,Invalid,2,output\tm_dataset\train\Invalid_Claim\1473_v2.jpg
1474,train,Invalid,1,output\tm_dataset\train\Invalid_Claim\1474_v1.jpg
1474,train,Invalid,2,output\tm_dataset\train\Invalid_Claim\1474_v2.jpg
1475,train,Manual Review,1,output\tm_dataset\train\Manual_Review\1475_v1.jpg
1475,train,Manual Review,2,output\tm_dataset\train\Manual_Review\1475_v2.jpg
1476,train,Invalid,1,output\tm_dataset\train\Invalid_Claim\1476_v1.jpg
1476,train,Invalid,2,output\tm_dataset\train\Invalid_Claim\1476_v2.jpg
1477,train,Valid,1,output\tm_dataset\train\Valid_Claim\1477_v1.jpg
1477,train,Valid,2,output\tm_dataset\train\Valid_Claim\1477_v2.jpg
1479,train,Valid,1,output\tm_dataset\train\Valid_Claim\1479_v1.jpg
1479,train,Valid,2,output\tm_dataset\train\Valid_Claim\1479_v2.jpg
1480,train,Manual Review,1,output\tm_dataset\train\Manual_Review\1480_v1.jpg
1480,train,Manual Review,2,output\tm_dataset\train\Manual_Review\1480_v2.jpg
1481,train,Invalid,1,output\tm_dataset\train\Invalid_Claim\1481_v1.jpg
1481,train,Invalid,2,output\tm_dataset\train\Invalid_Claim\1481_v2.jpg
1484,train,Manual Review,1,output\tm_dataset\train\Manual_Review\1484_v1.jpg
1484,train,Manual Review,2,output\tm_dataset\train\Manual_Review\1484_v2.jpg
1485,train,Invalid,1,output\tm_dataset\train\Invalid_Claim\1485_v1.jpg
1485,train,Invalid,2,output\tm_dataset\train\Invalid_Claim\1485_v2.jpg
1486,train,Manual Review,1,output\tm_dataset\train\Manual_Review\1486_v1.jpg
1486,train,Manual Review,2,output\tm_dataset\train\Manual_Review\1486_v2.jpg
1487,train,Manual Review,1,output\tm_dataset\train\Manual_Review\1487_v1.jpg
1487,train,Manual Review,2,output\tm_dataset\train\Manual_Review\1487_v2.jpg
1488,train,Manual Review,1,output\tm_dataset\train\Manual_Review\1488_v1.jpg
1488,train,Manual Review,2,output\tm_dataset\train\Manual_Review\1488_v2.jpg
1489,train,Manual Review,1,output\tm_dataset\train\Manual_Review\1489_v1.jpg
1489,train,Manual Review,2,output\tm_dataset\train\Manual_Review\1489_v2.jpg
1491,train,Manual Review,1,output\tm_dataset\train\Manual_Review\1491_v1.jpg
1491,train,Manual Review,2,output\tm_dataset\train\Manual_Review\1491_v2.jpg
1493,train,Manual Review,1,output\tm_dataset\train\Manual_Review\1493_v1.jpg
1493,train,Manual Review,2,output\tm_dataset\train\Manual_Review\1493_v2.jpg
1494,train,Manual Review,1,output\tm_dataset\train\Manual_Review\1494_v1.jpg
1494,train,Manual Review,2,output\tm_dataset\train\Manual_Review\1494_v2.jpg
1496,train,Manual Review,1,output\tm_dataset\train\Manual_Review\1496_v1.jpg
1496,train,Manual Review,2,output\tm_dataset\train\Manual_Review\1496_v2.jpg
1499,train,Manual Review,1,output\tm_dataset\train\Manual_Review\1499_v1.jpg
1499,train,Manual Review,2,output\tm_dataset\train\Manual_Review\1499_v2.jpg
1500,train,Manual Review,1,output\tm_dataset\train\Manual_Review\1500_v1.jpg
1500,train,Manual Review,2,output\tm_dataset\train\Manual_Review\1500_v2.jpg
11,validation,Valid,0,output\tm_dataset\validation\Valid_Claim\11.jpg
16,validation,Invalid,0,output\tm_dataset\validation\Invalid_Claim\16.jpg
24,validation,Valid,0,output\tm_dataset\validation\Valid_Claim\24.jpg
31,validation,Invalid,0,output\tm_dataset\validation\Invalid_Claim\31.jpg
45,validation,Manual Review,0,output\tm_dataset\validation\Manual_Review\45.jpg
49,validation,Manual Review,0,output\tm_dataset\validation\Manual_Review\49.jpg
62,validation,Invalid,0,output\tm_dataset\validation\Invalid_Claim\62.jpg
63,validation,Manual Review,0,output\tm_dataset\validation\Manual_Review\63.jpg
64,validation,Valid,0,output\tm_dataset\validation\Valid_Claim\64.jpg
73,validation,Invalid,0,output\tm_dataset\validation\Invalid_Claim\73.jpg
80,validation,Invalid,0,output\tm_dataset\validation\Invalid_Claim\80.jpg
83,validation,Manual Review,0,output\tm_dataset\validation\Manual_Review\83.jpg
96,validation,Invalid,0,output\tm_dataset\validation\Invalid_Claim\96.jpg
113,validation,Invalid,0,output\tm_dataset\validation\Invalid_Claim\113.jpg
119,validation,Manual Review,0,output\tm_dataset\validation\Manual_Review\119.jpg
121,validation,Valid,0,output\tm_dataset\validation\Valid_Claim\121.jpg
123,validation,Invalid,0,output\tm_dataset\validation\Invalid_Claim\123.jpg
128,validation,Manual Review,0,output\tm_dataset\validation\Manual_Review\128.jpg
133,validation,Invalid,0,output\tm_dataset\validation\Invalid_Claim\133.jpg
135,validation,Valid,0,output\tm_dataset\validation\Valid_Claim\135.jpg
146,validation,Manual Review,0,output\tm_dataset\validation\Manual_Review\146.jpg
147,validation,Valid,0,output\tm_dataset\validation\Valid_Claim\147.jpg
161,validation,Invalid,0,output\tm_dataset\validation\Invalid_Claim\161.jpg
169,validation,Invalid,0,output\tm_dataset\validation\Invalid_Claim\169.jpg
174,validation,Manual Review,0,output\tm_dataset\validation\Manual_Review\174.jpg
191,validation,Invalid,0,output\tm_dataset\validation\Invalid_Claim\191.jpg
194,validation,Valid,0,output\tm_dataset\validation\Valid_Claim\194.jpg
201,validation,Valid,0,output\tm_dataset\validation\Valid_Claim\201.jpg
204,validation,Manual Review,0,output\tm_dataset\validation\Manual_Review\204.jpg
205,validation,Valid,0,output\tm_dataset\validation\Valid_Claim\205.jpg
222,validation,Valid,0,output\tm_dataset\validation\Valid_Claim\222.jpg
228,validation,Invalid,0,output\tm_dataset\validation\Invalid_Claim\228.jpg
237,validation,Manual Review,0,output\tm_dataset\validation\Manual_Review\237.jpg
241,validation,Manual Review,0,output\tm_dataset\validation\Manual_Review\241.jpg
252,validation,Invalid,0,output\tm_dataset\validation\Invalid_Claim\252.jpg
256,validation,Invalid,0,output\tm_dataset\validation\Invalid_Claim\256.jpg
259,validation,Manual Review,0,output\tm_dataset\validation\Manual_Review\259.jpg
271,validation,Valid,0,output\tm_dataset\validation\Valid_Claim\271.jpg
276,validation,Invalid,0,output\tm_dataset\validation\Invalid_Claim\276.jpg
281,validation,Valid,0,output\tm_dataset\validation\Valid_Claim\281.jpg
282,validation,Invalid,0,output\tm_dataset\validation\Invalid_Claim\282.jpg
285,validation,Manual Review,0,output\tm_dataset\validation\Manual_Review\285.jpg
292,validation,Valid,0,output\tm_dataset\validation\Valid_Claim\292.jpg
298,validation,Invalid,0,output\tm_dataset\validation\Invalid_Claim\298.jpg
299,validation,Invalid,0,output\tm_dataset\validation\Invalid_Claim\299.jpg
301,validation,Valid,0,output\tm_dataset\validation\Valid_Claim\301.jpg
310,validation,Manual Review,0,output\tm_dataset\validation\Manual_Review\310.jpg
318,validation,Valid,0,output\tm_dataset\validation\Valid_Claim\318.jpg
331,validation,Manual Review,0,output\tm_dataset\validation\Manual_Review\331.jpg
336,validation,Manual Review,0,output\tm_dataset\validation\Manual_Review\336.jpg
345,validation,Valid,0,output\tm_dataset\validation\Valid_Claim\345.jpg
347,validation,Manual Review,0,output\tm_dataset\validation\Manual_Review\347.jpg
355,validation,Valid,0,output\tm_dataset\validation\Valid_Claim\355.jpg
379,validation,Invalid,0,output\tm_dataset\validation\Invalid_Claim\379.jpg
394,validation,Manual Review,0,output\tm_dataset\validation\Manual_Review\394.jpg
397,validation,Invalid,0,output\tm_dataset\validation\Invalid_Claim\397.jpg
409,validation,Valid,0,output\tm_dataset\validation\Valid_Claim\409.jpg
411,validation,Valid,0,output\tm_dataset\validation\Valid_Claim\411.jpg
416,validation,Valid,0,output\tm_dataset\validation\Valid_Claim\416.jpg
419,validation,Valid,0,output\tm_dataset\validation\Valid_Claim\419.jpg
420,validation,Valid,0,output\tm_dataset\validation\Valid_Claim\420.jpg
432,validation,Manual Review,0,output\tm_dataset\validation\Manual_Review\432.jpg
433,validation,Invalid,0,output\tm_dataset\validation\Invalid_Claim\433.jpg
437,validation,Invalid,0,output\tm_dataset\validation\Invalid_Claim\437.jpg
444,validation,Manual Review,0,output\tm_dataset\validation\Manual_Review\444.jpg
459,validation,Invalid,0,output\tm_dataset\validation\Invalid_Claim\459.jpg
463,validation,Invalid,0,output\tm_dataset\validation\Invalid_Claim\463.jpg
471,validation,Invalid,0,output\tm_dataset\validation\Invalid_Claim\471.jpg
476,validation,Valid,0,output\tm_dataset\validation\Valid_Claim\476.jpg
489,validation,Manual Review,0,output\tm_dataset\validation\Manual_Review\489.jpg
491,validation,Valid,0,output\tm_dataset\validation\Valid_Claim\491.jpg
497,validation,Invalid,0,output\tm_dataset\validation\Invalid_Claim\497.jpg
505,validation,Manual Review,0,output\tm_dataset\validation\Manual_Review\505.jpg
508,validation,Valid,0,output\tm_dataset\validation\Valid_Claim\508.jpg
515,validation,Manual Review,0,output\tm_dataset\validation\Manual_Review\515.jpg
520,validation,Manual Review,0,output\tm_dataset\validation\Manual_Review\520.jpg
524,validation,Manual Review,0,output\tm_dataset\validation\Manual_Review\524.jpg
529,validation,Manual Review,0,output\tm_dataset\validation\Manual_Review\529.jpg
530,validation,Valid,0,output\tm_dataset\validation\Valid_Claim\530.jpg
531,validation,Manual Review,0,output\tm_dataset\validation\Manual_Review\531.jpg
535,validation,Manual Review,0,output\tm_dataset\validation\Manual_Review\535.jpg
538,validation,Manual Review,0,output\tm_dataset\validation\Manual_Review\538.jpg
550,validation,Valid,0,output\tm_dataset\validation\Valid_Claim\550.jpg
551,validation,Invalid,0,output\tm_dataset\validation\Invalid_Claim\551.jpg
552,validation,Valid,0,output\tm_dataset\validation\Valid_Claim\552.jpg
554,validation,Manual Review,0,output\tm_dataset\validation\Manual_Review\554.jpg
555,validation,Manual Review,0,output\tm_dataset\validation\Manual_Review\555.jpg
558,validation,Invalid,0,output\tm_dataset\validation\Invalid_Claim\558.jpg
561,validation,Manual Review,0,output\tm_dataset\validation\Manual_Review\561.jpg
565,validation,Invalid,0,output\tm_dataset\validation\Invalid_Claim\565.jpg
576,validation,Valid,0,output\tm_dataset\validation\Valid_Claim\576.jpg
602,validation,Invalid,0,output\tm_dataset\validation\Invalid_Claim\602.jpg
628,validation,Invalid,0,output\tm_dataset\validation\Invalid_Claim\628.jpg
632,validation,Invalid,0,output\tm_dataset\validation\Invalid_Claim\632.jpg
638,validation,Invalid,0,output\tm_dataset\validation\Invalid_Claim\638.jpg
641,validation,Manual Review,0,output\tm_dataset\validation\Manual_Review\641.jpg
648,validation,Invalid,0,output\tm_dataset\validation\Invalid_Claim\648.jpg
659,validation,Manual Review,0,output\tm_dataset\validation\Manual_Review\659.jpg
666,validation,Valid,0,output\tm_dataset\validation\Valid_Claim\666.jpg
674,validation,Valid,0,output\tm_dataset\validation\Valid_Claim\674.jpg
676,validation,Manual Review,0,output\tm_dataset\validation\Manual_Review\676.jpg
679,validation,Invalid,0,output\tm_dataset\validation\Invalid_Claim\679.jpg
681,validation,Manual Review,0,output\tm_dataset\validation\Manual_Review\681.jpg
690,validation,Invalid,0,output\tm_dataset\validation\Invalid_Claim\690.jpg
706,validation,Invalid,0,output\tm_dataset\validation\Invalid_Claim\706.jpg
708,validation,Manual Review,0,output\tm_dataset\validation\Manual_Review\708.jpg
717,validation,Invalid,0,output\tm_dataset\validation\Invalid_Claim\717.jpg
719,validation,Manual Review,0,output\tm_dataset\validation\Manual_Review\719.jpg
737,validation,Valid,0,output\tm_dataset\validation\Valid_Claim\737.jpg
741,validation,Manual Review,0,output\tm_dataset\validation\Manual_Review\741.jpg
744,validation,Valid,0,output\tm_dataset\validation\Valid_Claim\744.jpg
755,validation,Invalid,0,output\tm_dataset\validation\Invalid_Claim\755.jpg
757,validation,Manual Review,0,output\tm_dataset\validation\Manual_Review\757.jpg
764,validation,Invalid,0,output\tm_dataset\validation\Invalid_Claim\764.jpg
773,validation,Invalid,0,output\tm_dataset\validation\Invalid_Claim\773.jpg
783,validation,Invalid,0,output\tm_dataset\validation\Invalid_Claim\783.jpg
792,validation,Valid,0,output\tm_dataset\validation\Valid_Claim\792.jpg
793,validation,Manual Review,0,output\tm_dataset\validation\Manual_Review\793.jpg
802,validation,Valid,0,output\tm_dataset\validation\Valid_Claim\802.jpg
806,validation,Manual Review,0,output\tm_dataset\validation\Manual_Review\806.jpg
810,validation,Valid,0,output\tm_dataset\validation\Valid_Claim\810.jpg
819,validation,Manual Review,0,output\tm_dataset\validation\Manual_Review\819.jpg
829,validation,Manual Review,0,output\tm_dataset\validation\Manual_Review\829.jpg
832,validation,Manual Review,0,output\tm_dataset\validation\Manual_Review\832.jpg
834,validation,Invalid,0,output\tm_dataset\validation\Invalid_Claim\834.jpg
841,validation,Invalid,0,output\tm_dataset\validation\Invalid_Claim\841.jpg
852,validation,Invalid,0,output\tm_dataset\validation\Invalid_Claim\852.jpg
857,validation,Valid,0,output\tm_dataset\validation\Valid_Claim\857.jpg
863,validation,Invalid,0,output\tm_dataset\validation\Invalid_Claim\863.jpg
870,validation,Valid,0,output\tm_dataset\validation\Valid_Claim\870.jpg
879,validation,Valid,0,output\tm_dataset\validation\Valid_Claim\879.jpg
882,validation,Manual Review,0,output\tm_dataset\validation\Manual_Review\882.jpg
885,validation,Valid,0,output\tm_dataset\validation\Valid_Claim\885.jpg
899,validation,Invalid,0,output\tm_dataset\validation\Invalid_Claim\899.jpg
905,validation,Manual Review,0,output\tm_dataset\validation\Manual_Review\905.jpg
916,validation,Invalid,0,output\tm_dataset\validation\Invalid_Claim\916.jpg
920,validation,Invalid,0,output\tm_dataset\validation\Invalid_Claim\920.jpg
923,validation,Valid,0,output\tm_dataset\validation\Valid_Claim\923.jpg
940,validation,Manual Review,0,output\tm_dataset\validation\Manual_Review\940.jpg
948,validation,Valid,0,output\tm_dataset\validation\Valid_Claim\948.jpg
953,validation,Invalid,0,output\tm_dataset\validation\Invalid_Claim\953.jpg
956,validation,Valid,0,output\tm_dataset\validation\Valid_Claim\956.jpg
959,validation,Valid,0,output\tm_dataset\validation\Valid_Claim\959.jpg
961,validation,Valid,0,output\tm_dataset\validation\Valid_Claim\961.jpg
968,validation,Manual Review,0,output\tm_dataset\validation\Manual_Review\968.jpg
969,validation,Valid,0,output\tm_dataset\validation\Valid_Claim\969.jpg
972,validation,Invalid,0,output\tm_dataset\validation\Invalid_Claim\972.jpg
979,validation,Manual Review,0,output\tm_dataset\validation\Manual_Review\979.jpg
982,validation,Manual Review,0,output\tm_dataset\validation\Manual_Review\982.jpg
986,validation,Manual Review,0,output\tm_dataset\validation\Manual_Review\986.jpg
989,validation,Valid,0,output\tm_dataset\validation\Valid_Claim\989.jpg
1004,validation,Valid,0,output\tm_dataset\validation\Valid_Claim\1004.jpg
1018,validation,Invalid,0,output\tm_dataset\validation\Invalid_Claim\1018.jpg
1019,validation,Valid,0,output\tm_dataset\validation\Valid_Claim\1019.jpg
1033,validation,Invalid,0,output\tm_dataset\validation\Invalid_Claim\1033.jpg
1035,validation,Invalid,0,output\tm_dataset\validation\Invalid_Claim\1035.jpg
1041,validation,Manual Review,0,output\tm_dataset\validation\Manual_Review\1041.jpg
1044,validation,Invalid,0,output\tm_dataset\validation\Invalid_Claim\1044.jpg
1058,validation,Invalid,0,output\tm_dataset\validation\Invalid_Claim\1058.jpg
1062,validation,Valid,0,output\tm_dataset\validation\Valid_Claim\1062.jpg
1068,validation,Manual Review,0,output\tm_dataset\validation\Manual_Review\1068.jpg
1084,validation,Manual Review,0,output\tm_dataset\validation\Manual_Review\1084.jpg
1091,validation,Invalid,0,output\tm_dataset\validation\Invalid_Claim\1091.jpg
1092,validation,Manual Review,0,output\tm_dataset\validation\Manual_Review\1092.jpg
1099,validation,Valid,0,output\tm_dataset\validation\Valid_Claim\1099.jpg
1100,validation,Invalid,0,output\tm_dataset\validation\Invalid_Claim\1100.jpg
1114,validation,Manual Review,0,output\tm_dataset\validation\Manual_Review\1114.jpg
1123,validation,Invalid,0,output\tm_dataset\validation\Invalid_Claim\1123.jpg
1132,validation,Valid,0,output\tm_dataset\validation\Valid_Claim\1132.jpg
1135,validation,Invalid,0,output\tm_dataset\validation\Invalid_Claim\1135.jpg
1139,validation,Valid,0,output\tm_dataset\validation\Valid_Claim\1139.jpg
1142,validation,Valid,0,output\tm_dataset\validation\Valid_Claim\1142.jpg
1154,validation,Valid,0,output\tm_dataset\validation\Valid_Claim\1154.jpg
1155,validation,Manual Review,0,output\tm_dataset\validation\Manual_Review\1155.jpg
1156,validation,Manual Review,0,output\tm_dataset\validation\Manual_Review\1156.jpg
1159,validation,Invalid,0,output\tm_dataset\validation\Invalid_Claim\1159.jpg
1172,validation,Manual Review,0,output\tm_dataset\validation\Manual_Review\1172.jpg
1177,validation,Manual Review,0,output\tm_dataset\validation\Manual_Review\1177.jpg
1178,validation,Manual Review,0,output\tm_dataset\validation\Manual_Review\1178.jpg
1203,validation,Manual Review,0,output\tm_dataset\validation\Manual_Review\1203.jpg
1205,validation,Invalid,0,output\tm_dataset\validation\Invalid_Claim\1205.jpg
1221,validation,Invalid,0,output\tm_dataset\validation\Invalid_Claim\1221.jpg
1222,validation,Valid,0,output\tm_dataset\validation\Valid_Claim\1222.jpg
1223,validation,Invalid,0,output\tm_dataset\validation\Invalid_Claim\1223.jpg
1230,validation,Valid,0,output\tm_dataset\validation\Valid_Claim\1230.jpg
1239,validation,Manual Review,0,output\tm_dataset\validation\Manual_Review\1239.jpg
1244,validation,Invalid,0,output\tm_dataset\validation\Invalid_Claim\1244.jpg
1250,validation,Manual Review,0,output\tm_dataset\validation\Manual_Review\1250.jpg
1251,validation,Valid,0,output\tm_dataset\validation\Valid_Claim\1251.jpg
1255,validation,Invalid,0,output\tm_dataset\validation\Invalid_Claim\1255.jpg
1256,validation,Valid,0,output\tm_dataset\validation\Valid_Claim\1256.jpg
1262,validation,Valid,0,output\tm_dataset\validation\Valid_Claim\1262.jpg
1263,validation,Manual Review,0,output\tm_dataset\validation\Manual_Review\1263.jpg
1265,validation,Invalid,0,output\tm_dataset\validation\Invalid_Claim\1265.jpg
1270,validation,Manual Review,0,output\tm_dataset\validation\Manual_Review\1270.jpg
1272,validation,Invalid,0,output\tm_dataset\validation\Invalid_Claim\1272.jpg
1282,validation,Manual Review,0,output\tm_dataset\validation\Manual_Review\1282.jpg
1286,validation,Invalid,0,output\tm_dataset\validation\Invalid_Claim\1286.jpg
1304,validation,Valid,0,output\tm_dataset\validation\Valid_Claim\1304.jpg
1306,validation,Invalid,0,output\tm_dataset\validation\Invalid_Claim\1306.jpg
1308,validation,Valid,0,output\tm_dataset\validation\Valid_Claim\1308.jpg
1310,validation,Valid,0,output\tm_dataset\validation\Valid_Claim\1310.jpg
1318,validation,Valid,0,output\tm_dataset\validation\Valid_Claim\1318.jpg
1323,validation,Valid,0,output\tm_dataset\validation\Valid_Claim\1323.jpg
1329,validation,Valid,0,output\tm_dataset\validation\Valid_Claim\1329.jpg
1347,validation,Manual Review,0,output\tm_dataset\validation\Manual_Review\1347.jpg
1352,validation,Invalid,0,output\tm_dataset\validation\Invalid_Claim\1352.jpg
1354,validation,Invalid,0,output\tm_dataset\validation\Invalid_Claim\1354.jpg
1356,validation,Valid,0,output\tm_dataset\validation\Valid_Claim\1356.jpg
1358,validation,Manual Review,0,output\tm_dataset\validation\Manual_Review\1358.jpg
1360,validation,Valid,0,output\tm_dataset\validation\Valid_Claim\1360.jpg
1382,validation,Invalid,0,output\tm_dataset\validation\Invalid_Claim\1382.jpg
1396,validation,Manual Review,0,output\tm_dataset\validation\Manual_Review\1396.jpg
1399,validation,Valid,0,output\tm_dataset\validation\Valid_Claim\1399.jpg
1441,validation,Valid,0,output\tm_dataset\validation\Valid_Claim\1441.jpg
1443,validation,Valid,0,output\tm_dataset\validation\Valid_Claim\1443.jpg
1448,validation,Manual Review,0,output\tm_dataset\validation\Manual_Review\1448.jpg
1452,validation,Valid,0,output\tm_dataset\validation\Valid_Claim\1452.jpg
1459,validation,Manual Review,0,output\tm_dataset\validation\Manual_Review\1459.jpg
1464,validation,Manual Review,0,output\tm_dataset\validation\Manual_Review\1464.jpg
1470,validation,Valid,0,output\tm_dataset\validation\Valid_Claim\1470.jpg
1472,validation,Invalid,0,output\tm_dataset\validation\Invalid_Claim\1472.jpg
1482,validation,Valid,0,output\tm_dataset\validation\Valid_Claim\1482.jpg
1497,validation,Valid,0,output\tm_dataset\validation\Valid_Claim\1497.jpg
1498,validation,Manual Review,0,output\tm_dataset\validation\Manual_Review\1498.jpg
1,test,Valid,0,output\tm_dataset\test\Valid_Claim\1.jpg
7,test,Invalid,0,output\tm_dataset\test\Invalid_Claim\7.jpg
12,test,Manual Review,0,output\tm_dataset\test\Manual_Review\12.jpg
23,test,Invalid,0,output\tm_dataset\test\Invalid_Claim\23.jpg
32,test,Invalid,0,output\tm_dataset\test\Invalid_Claim\32.jpg
33,test,Manual Review,0,output\tm_dataset\test\Manual_Review\33.jpg
35,test,Manual Review,0,output\tm_dataset\test\Manual_Review\35.jpg
40,test,Valid,0,output\tm_dataset\test\Valid_Claim\40.jpg
42,test,Valid,0,output\tm_dataset\test\Valid_Claim\42.jpg
46,test,Valid,0,output\tm_dataset\test\Valid_Claim\46.jpg
48,test,Invalid,0,output\tm_dataset\test\Invalid_Claim\48.jpg
50,test,Invalid,0,output\tm_dataset\test\Invalid_Claim\50.jpg
71,test,Manual Review,0,output\tm_dataset\test\Manual_Review\71.jpg
79,test,Valid,0,output\tm_dataset\test\Valid_Claim\79.jpg
102,test,Invalid,0,output\tm_dataset\test\Invalid_Claim\102.jpg
115,test,Manual Review,0,output\tm_dataset\test\Manual_Review\115.jpg
116,test,Valid,0,output\tm_dataset\test\Valid_Claim\116.jpg
122,test,Manual Review,0,output\tm_dataset\test\Manual_Review\122.jpg
124,test,Valid,0,output\tm_dataset\test\Valid_Claim\124.jpg
125,test,Invalid,0,output\tm_dataset\test\Invalid_Claim\125.jpg
126,test,Invalid,0,output\tm_dataset\test\Invalid_Claim\126.jpg
131,test,Invalid,0,output\tm_dataset\test\Invalid_Claim\131.jpg
132,test,Invalid,0,output\tm_dataset\test\Invalid_Claim\132.jpg
136,test,Manual Review,0,output\tm_dataset\test\Manual_Review\136.jpg
148,test,Manual Review,0,output\tm_dataset\test\Manual_Review\148.jpg
149,test,Manual Review,0,output\tm_dataset\test\Manual_Review\149.jpg
162,test,Manual Review,0,output\tm_dataset\test\Manual_Review\162.jpg
165,test,Invalid,0,output\tm_dataset\test\Invalid_Claim\165.jpg
166,test,Manual Review,0,output\tm_dataset\test\Manual_Review\166.jpg
176,test,Invalid,0,output\tm_dataset\test\Invalid_Claim\176.jpg
189,test,Valid,0,output\tm_dataset\test\Valid_Claim\189.jpg
192,test,Valid,0,output\tm_dataset\test\Valid_Claim\192.jpg
208,test,Manual Review,0,output\tm_dataset\test\Manual_Review\208.jpg
225,test,Manual Review,0,output\tm_dataset\test\Manual_Review\225.jpg
230,test,Valid,0,output\tm_dataset\test\Valid_Claim\230.jpg
236,test,Manual Review,0,output\tm_dataset\test\Manual_Review\236.jpg
250,test,Invalid,0,output\tm_dataset\test\Invalid_Claim\250.jpg
263,test,Valid,0,output\tm_dataset\test\Valid_Claim\263.jpg
274,test,Manual Review,0,output\tm_dataset\test\Manual_Review\274.jpg
277,test,Invalid,0,output\tm_dataset\test\Invalid_Claim\277.jpg
284,test,Valid,0,output\tm_dataset\test\Valid_Claim\284.jpg
288,test,Manual Review,0,output\tm_dataset\test\Manual_Review\288.jpg
289,test,Invalid,0,output\tm_dataset\test\Invalid_Claim\289.jpg
293,test,Valid,0,output\tm_dataset\test\Valid_Claim\293.jpg
295,test,Manual Review,0,output\tm_dataset\test\Manual_Review\295.jpg
307,test,Valid,0,output\tm_dataset\test\Valid_Claim\307.jpg
311,test,Manual Review,0,output\tm_dataset\test\Manual_Review\311.jpg
313,test,Manual Review,0,output\tm_dataset\test\Manual_Review\313.jpg
338,test,Valid,0,output\tm_dataset\test\Valid_Claim\338.jpg
348,test,Manual Review,0,output\tm_dataset\test\Manual_Review\348.jpg
352,test,Invalid,0,output\tm_dataset\test\Invalid_Claim\352.jpg
362,test,Valid,0,output\tm_dataset\test\Valid_Claim\362.jpg
366,test,Manual Review,0,output\tm_dataset\test\Manual_Review\366.jpg
376,test,Valid,0,output\tm_dataset\test\Valid_Claim\376.jpg
377,test,Invalid,0,output\tm_dataset\test\Invalid_Claim\377.jpg
383,test,Valid,0,output\tm_dataset\test\Valid_Claim\383.jpg
395,test,Invalid,0,output\tm_dataset\test\Invalid_Claim\395.jpg
402,test,Invalid,0,output\tm_dataset\test\Invalid_Claim\402.jpg
404,test,Valid,0,output\tm_dataset\test\Valid_Claim\404.jpg
418,test,Valid,0,output\tm_dataset\test\Valid_Claim\418.jpg
424,test,Valid,0,output\tm_dataset\test\Valid_Claim\424.jpg
431,test,Valid,0,output\tm_dataset\test\Valid_Claim\431.jpg
435,test,Valid,0,output\tm_dataset\test\Valid_Claim\435.jpg
446,test,Invalid,0,output\tm_dataset\test\Invalid_Claim\446.jpg
447,test,Manual Review,0,output\tm_dataset\test\Manual_Review\447.jpg
451,test,Valid,0,output\tm_dataset\test\Valid_Claim\451.jpg
454,test,Manual Review,0,output\tm_dataset\test\Manual_Review\454.jpg
458,test,Invalid,0,output\tm_dataset\test\Invalid_Claim\458.jpg
469,test,Manual Review,0,output\tm_dataset\test\Manual_Review\469.jpg
470,test,Manual Review,0,output\tm_dataset\test\Manual_Review\470.jpg
474,test,Invalid,0,output\tm_dataset\test\Invalid_Claim\474.jpg
481,test,Valid,0,output\tm_dataset\test\Valid_Claim\481.jpg
487,test,Invalid,0,output\tm_dataset\test\Invalid_Claim\487.jpg
496,test,Valid,0,output\tm_dataset\test\Valid_Claim\496.jpg
506,test,Manual Review,0,output\tm_dataset\test\Manual_Review\506.jpg
513,test,Valid,0,output\tm_dataset\test\Valid_Claim\513.jpg
528,test,Valid,0,output\tm_dataset\test\Valid_Claim\528.jpg
542,test,Manual Review,0,output\tm_dataset\test\Manual_Review\542.jpg
547,test,Invalid,0,output\tm_dataset\test\Invalid_Claim\547.jpg
556,test,Invalid,0,output\tm_dataset\test\Invalid_Claim\556.jpg
564,test,Manual Review,0,output\tm_dataset\test\Manual_Review\564.jpg
573,test,Manual Review,0,output\tm_dataset\test\Manual_Review\573.jpg
596,test,Invalid,0,output\tm_dataset\test\Invalid_Claim\596.jpg
597,test,Manual Review,0,output\tm_dataset\test\Manual_Review\597.jpg
609,test,Invalid,0,output\tm_dataset\test\Invalid_Claim\609.jpg
616,test,Invalid,0,output\tm_dataset\test\Invalid_Claim\616.jpg
617,test,Valid,0,output\tm_dataset\test\Valid_Claim\617.jpg
622,test,Valid,0,output\tm_dataset\test\Valid_Claim\622.jpg
629,test,Manual Review,0,output\tm_dataset\test\Manual_Review\629.jpg
630,test,Invalid,0,output\tm_dataset\test\Invalid_Claim\630.jpg
631,test,Invalid,0,output\tm_dataset\test\Invalid_Claim\631.jpg
634,test,Manual Review,0,output\tm_dataset\test\Manual_Review\634.jpg
647,test,Manual Review,0,output\tm_dataset\test\Manual_Review\647.jpg
651,test,Manual Review,0,output\tm_dataset\test\Manual_Review\651.jpg
663,test,Valid,0,output\tm_dataset\test\Valid_Claim\663.jpg
665,test,Manual Review,0,output\tm_dataset\test\Manual_Review\665.jpg
689,test,Manual Review,0,output\tm_dataset\test\Manual_Review\689.jpg
698,test,Manual Review,0,output\tm_dataset\test\Manual_Review\698.jpg
702,test,Invalid,0,output\tm_dataset\test\Invalid_Claim\702.jpg
710,test,Valid,0,output\tm_dataset\test\Valid_Claim\710.jpg
718,test,Valid,0,output\tm_dataset\test\Valid_Claim\718.jpg
721,test,Valid,0,output\tm_dataset\test\Valid_Claim\721.jpg
723,test,Valid,0,output\tm_dataset\test\Valid_Claim\723.jpg
731,test,Manual Review,0,output\tm_dataset\test\Manual_Review\731.jpg
732,test,Invalid,0,output\tm_dataset\test\Invalid_Claim\732.jpg
740,test,Manual Review,0,output\tm_dataset\test\Manual_Review\740.jpg
754,test,Invalid,0,output\tm_dataset\test\Invalid_Claim\754.jpg
761,test,Manual Review,0,output\tm_dataset\test\Manual_Review\761.jpg
767,test,Manual Review,0,output\tm_dataset\test\Manual_Review\767.jpg
776,test,Invalid,0,output\tm_dataset\test\Invalid_Claim\776.jpg
779,test,Invalid,0,output\tm_dataset\test\Invalid_Claim\779.jpg
786,test,Valid,0,output\tm_dataset\test\Valid_Claim\786.jpg
796,test,Valid,0,output\tm_dataset\test\Valid_Claim\796.jpg
805,test,Valid,0,output\tm_dataset\test\Valid_Claim\805.jpg
812,test,Invalid,0,output\tm_dataset\test\Invalid_Claim\812.jpg
815,test,Valid,0,output\tm_dataset\test\Valid_Claim\815.jpg
817,test,Valid,0,output\tm_dataset\test\Valid_Claim\817.jpg
823,test,Manual Review,0,output\tm_dataset\test\Manual_Review\823.jpg
825,test,Invalid,0,output\tm_dataset\test\Invalid_Claim\825.jpg
833,test,Manual Review,0,output\tm_dataset\test\Manual_Review\833.jpg
835,test,Manual Review,0,output\tm_dataset\test\Manual_Review\835.jpg
846,test,Valid,0,output\tm_dataset\test\Valid_Claim\846.jpg
847,test,Invalid,0,output\tm_dataset\test\Invalid_Claim\847.jpg
853,test,Valid,0,output\tm_dataset\test\Valid_Claim\853.jpg
858,test,Invalid,0,output\tm_dataset\test\Invalid_Claim\858.jpg
877,test,Valid,0,output\tm_dataset\test\Valid_Claim\877.jpg
880,test,Valid,0,output\tm_dataset\test\Valid_Claim\880.jpg
908,test,Valid,0,output\tm_dataset\test\Valid_Claim\908.jpg
913,test,Invalid,0,output\tm_dataset\test\Invalid_Claim\913.jpg
914,test,Valid,0,output\tm_dataset\test\Valid_Claim\914.jpg
931,test,Invalid,0,output\tm_dataset\test\Invalid_Claim\931.jpg
938,test,Invalid,0,output\tm_dataset\test\Invalid_Claim\938.jpg
944,test,Invalid,0,output\tm_dataset\test\Invalid_Claim\944.jpg
949,test,Invalid,0,output\tm_dataset\test\Invalid_Claim\949.jpg
950,test,Manual Review,0,output\tm_dataset\test\Manual_Review\950.jpg
955,test,Valid,0,output\tm_dataset\test\Valid_Claim\955.jpg
960,test,Valid,0,output\tm_dataset\test\Valid_Claim\960.jpg
963,test,Invalid,0,output\tm_dataset\test\Invalid_Claim\963.jpg
970,test,Manual Review,0,output\tm_dataset\test\Manual_Review\970.jpg
985,test,Manual Review,0,output\tm_dataset\test\Manual_Review\985.jpg
987,test,Invalid,0,output\tm_dataset\test\Invalid_Claim\987.jpg
992,test,Manual Review,0,output\tm_dataset\test\Manual_Review\992.jpg
999,test,Valid,0,output\tm_dataset\test\Valid_Claim\999.jpg
1000,test,Valid,0,output\tm_dataset\test\Valid_Claim\1000.jpg
1002,test,Valid,0,output\tm_dataset\test\Valid_Claim\1002.jpg
1003,test,Valid,0,output\tm_dataset\test\Valid_Claim\1003.jpg
1009,test,Invalid,0,output\tm_dataset\test\Invalid_Claim\1009.jpg
1013,test,Invalid,0,output\tm_dataset\test\Invalid_Claim\1013.jpg
1014,test,Invalid,0,output\tm_dataset\test\Invalid_Claim\1014.jpg
1039,test,Manual Review,0,output\tm_dataset\test\Manual_Review\1039.jpg
1045,test,Invalid,0,output\tm_dataset\test\Invalid_Claim\1045.jpg
1050,test,Invalid,0,output\tm_dataset\test\Invalid_Claim\1050.jpg
1053,test,Manual Review,0,output\tm_dataset\test\Manual_Review\1053.jpg
1063,test,Invalid,0,output\tm_dataset\test\Invalid_Claim\1063.jpg
1073,test,Manual Review,0,output\tm_dataset\test\Manual_Review\1073.jpg
1075,test,Manual Review,0,output\tm_dataset\test\Manual_Review\1075.jpg
1077,test,Valid,0,output\tm_dataset\test\Valid_Claim\1077.jpg
1082,test,Valid,0,output\tm_dataset\test\Valid_Claim\1082.jpg
1103,test,Manual Review,0,output\tm_dataset\test\Manual_Review\1103.jpg
1107,test,Invalid,0,output\tm_dataset\test\Invalid_Claim\1107.jpg
1115,test,Manual Review,0,output\tm_dataset\test\Manual_Review\1115.jpg
1146,test,Manual Review,0,output\tm_dataset\test\Manual_Review\1146.jpg
1152,test,Invalid,0,output\tm_dataset\test\Invalid_Claim\1152.jpg
1162,test,Valid,0,output\tm_dataset\test\Valid_Claim\1162.jpg
1163,test,Manual Review,0,output\tm_dataset\test\Manual_Review\1163.jpg
1165,test,Valid,0,output\tm_dataset\test\Valid_Claim\1165.jpg
1166,test,Manual Review,0,output\tm_dataset\test\Manual_Review\1166.jpg
1168,test,Invalid,0,output\tm_dataset\test\Invalid_Claim\1168.jpg
1169,test,Valid,0,output\tm_dataset\test\Valid_Claim\1169.jpg
1170,test,Manual Review,0,output\tm_dataset\test\Manual_Review\1170.jpg
1173,test,Valid,0,output\tm_dataset\test\Valid_Claim\1173.jpg
1183,test,Valid,0,output\tm_dataset\test\Valid_Claim\1183.jpg
1202,test,Invalid,0,output\tm_dataset\test\Invalid_Claim\1202.jpg
1212,test,Valid,0,output\tm_dataset\test\Valid_Claim\1212.jpg
1215,test,Manual Review,0,output\tm_dataset\test\Manual_Review\1215.jpg
1229,test,Valid,0,output\tm_dataset\test\Valid_Claim\1229.jpg
1235,test,Invalid,0,output\tm_dataset\test\Invalid_Claim\1235.jpg
1242,test,Invalid,0,output\tm_dataset\test\Invalid_Claim\1242.jpg
1243,test,Manual Review,0,output\tm_dataset\test\Manual_Review\1243.jpg
1247,test,Valid,0,output\tm_dataset\test\Valid_Claim\1247.jpg
1248,test,Valid,0,output\tm_dataset\test\Valid_Claim\1248.jpg
1252,test,Valid,0,output\tm_dataset\test\Valid_Claim\1252.jpg
1254,test,Manual Review,0,output\tm_dataset\test\Manual_Review\1254.jpg
1267,test,Valid,0,output\tm_dataset\test\Valid_Claim\1267.jpg
1273,test,Valid,0,output\tm_dataset\test\Valid_Claim\1273.jpg
1275,test,Valid,0,output\tm_dataset\test\Valid_Claim\1275.jpg
1280,test,Manual Review,0,output\tm_dataset\test\Manual_Review\1280.jpg
1287,test,Valid,0,output\tm_dataset\test\Valid_Claim\1287.jpg
1288,test,Invalid,0,output\tm_dataset\test\Invalid_Claim\1288.jpg
1303,test,Invalid,0,output\tm_dataset\test\Invalid_Claim\1303.jpg
1317,test,Invalid,0,output\tm_dataset\test\Invalid_Claim\1317.jpg
1319,test,Invalid,0,output\tm_dataset\test\Invalid_Claim\1319.jpg
1327,test,Invalid,0,output\tm_dataset\test\Invalid_Claim\1327.jpg
1335,test,Manual Review,0,output\tm_dataset\test\Manual_Review\1335.jpg
1361,test,Valid,0,output\tm_dataset\test\Valid_Claim\1361.jpg
1363,test,Valid,0,output\tm_dataset\test\Valid_Claim\1363.jpg
1367,test,Invalid,0,output\tm_dataset\test\Invalid_Claim\1367.jpg
1368,test,Manual Review,0,output\tm_dataset\test\Manual_Review\1368.jpg
1369,test,Invalid,0,output\tm_dataset\test\Invalid_Claim\1369.jpg
1378,test,Invalid,0,output\tm_dataset\test\Invalid_Claim\1378.jpg
1386,test,Manual Review,0,output\tm_dataset\test\Manual_Review\1386.jpg
1388,test,Invalid,0,output\tm_dataset\test\Invalid_Claim\1388.jpg
1390,test,Manual Review,0,output\tm_dataset\test\Manual_Review\1390.jpg
1400,test,Invalid,0,output\tm_dataset\test\Invalid_Claim\1400.jpg
1409,test,Invalid,0,output\tm_dataset\test\Invalid_Claim\1409.jpg
1411,test,Valid,0,output\tm_dataset\test\Valid_Claim\1411.jpg
1415,test,Valid,0,output\tm_dataset\test\Valid_Claim\1415.jpg
1416,test,Manual Review,0,output\tm_dataset\test\Manual_Review\1416.jpg
1431,test,Manual Review,0,output\tm_dataset\test\Manual_Review\1431.jpg
1432,test,Invalid,0,output\tm_dataset\test\Invalid_Claim\1432.jpg
1434,test,Valid,0,output\tm_dataset\test\Valid_Claim\1434.jpg
1438,test,Invalid,0,output\tm_dataset\test\Invalid_Claim\1438.jpg
1442,test,Manual Review,0,output\tm_dataset\test\Manual_Review\1442.jpg
1447,test,Manual Review,0,output\tm_dataset\test\Manual_Review\1447.jpg
1449,test,Manual Review,0,output\tm_dataset\test\Manual_Review\1449.jpg
1453,test,Valid,0,output\tm_dataset\test\Valid_Claim\1453.jpg
1454,test,Manual Review,0,output\tm_dataset\test\Manual_Review\1454.jpg
1458,test,Invalid,0,output\tm_dataset\test\Invalid_Claim\1458.jpg
1461,test,Invalid,0,output\tm_dataset\test\Invalid_Claim\1461.jpg
1467,test,Manual Review,0,output\tm_dataset\test\Manual_Review\1467.jpg
1478,test,Invalid,0,output\tm_dataset\test\Invalid_Claim\1478.jpg
1483,test,Manual Review,0,output\tm_dataset\test\Manual_Review\1483.jpg
1490,test,Manual Review,0,output\tm_dataset\test\Manual_Review\1490.jpg
1492,test,Invalid,0,output\tm_dataset\test\Invalid_Claim\1492.jpg
1495,test,Valid,0,output\tm_dataset\test\Valid_Claim\1495.jpg
